datetime,oper_day,hour_ending,north_mw,south_mw,west_mw,houston_mw,total_mw
2025-12-26 00:00:00,12/26/2025,01:00,13036.06,10761.24,9172.19,11289.22,44258.71
2025-12-26 01:00:00,12/26/2025,02:00,12440.29,10405.7,9180.38,10956.59,42982.96
2025-12-26 02:00:00,12/26/2025,03:00,12072.54,10149.08,9162.89,10719.83,42104.34
2025-12-26 03:00:00,12/26/2025,04:00,11881.01,9988.38,9239.33,10601.94,41710.66
2025-12-26 04:00:00,12/26/2025,05:00,11915.68,9954.04,9247.17,10602.57,41719.46
2025-12-26 05:00:00,12/26/2025,06:00,12228.22,10109.26,9314.09,10749.12,42400.69
2025-12-26 06:00:00,12/26/2025,07:00,12697.29,10461.63,9407.71,11005.05,43571.68
2025-12-26 07:00:00,12/26/2025,08:00,13124.15,10798.75,9426.38,11206.86,44556.14
2025-12-26 08:00:00,12/26/2025,09:00,13647.84,11099.76,9241.23,11505.11,45493.94
2025-12-26 09:00:00,12/26/2025,10:00,14370.61,11729.42,9368.28,11987.92,47456.23
2025-12-26 10:00:00,12/26/2025,11:00,15097.8,12353.67,9708.58,12489.57,49649.62
2025-12-26 11:00:00,12/26/2025,12:00,15903.56,12895.61,9797.19,12917.03,51513.38
2025-12-26 12:00:00,12/26/2025,13:00,16614.23,13445.42,9856.01,13247.09,53162.75
2025-12-26 13:00:00,12/26/2025,14:00,17289.95,14028.12,9962.89,13644.57,54925.53
2025-12-26 14:00:00,12/26/2025,15:00,17872.24,14589.04,10004.35,14024.06,56489.69
2025-12-26 15:00:00,12/26/2025,16:00,18272.06,14926.47,9998.51,14189.39,57386.42
2025-12-26 16:00:00,12/26/2025,17:00,18334.52,14985.96,9997.8,14020.82,57339.1
2025-12-26 17:00:00,12/26/2025,18:00,18006.69,14841.5,9931.37,13819.11,56598.69
2025-12-26 18:00:00,12/26/2025,19:00,17777.25,14574.94,9799.22,13684.83,55836.23
2025-12-26 19:00:00,12/26/2025,20:00,17115.92,13949.98,9662.16,13364.25,54092.31
2025-12-26 20:00:00,12/26/2025,21:00,16619.74,13481.18,9633.27,13118.03,52852.22
2025-12-26 21:00:00,12/26/2025,22:00,16195.66,13156.23,9597.92,12873.06,51822.86
2025-12-26 22:00:00,12/26/2025,23:00,15531.41,12689.36,9436.56,12462.01,50119.33
2025-12-26 23:00:00,12/26/2025,24:00,14782.85,12119.92,9230.36,12008.59,48141.72
2025-12-27 00:00:00,12/27/2025,01:00,14127.04,11434.29,9149.05,11492.18,46202.56
2025-12-27 01:00:00,12/27/2025,02:00,13501.11,10971.78,9164.09,11087.08,44724.07
2025-12-27 02:00:00,12/27/2025,03:00,13070.25,10726.45,9161.28,10794.27,43752.26
2025-12-27 03:00:00,12/27/2025,04:00,12826.9,10643.88,9043.8,10620.4,43134.98
2025-12-27 04:00:00,12/27/2025,05:00,12623.79,10534.94,9010.27,10546.0,42715.0
2025-12-27 05:00:00,12/27/2025,06:00,12726.07,10555.93,9048.34,10585.6,42915.94
2025-12-27 06:00:00,12/27/2025,07:00,12952.73,10775.46,9079.23,10720.12,43527.54
2025-12-27 07:00:00,12/27/2025,08:00,13317.35,10946.05,9080.63,10813.88,44157.92
2025-12-27 08:00:00,12/27/2025,09:00,13976.44,11334.89,9064.19,11157.64,45533.16
2025-12-27 09:00:00,12/27/2025,10:00,14708.96,11991.58,9100.21,11683.62,47484.37
2025-12-27 10:00:00,12/27/2025,11:00,15526.28,12592.7,9150.62,12276.03,49545.63
2025-12-27 11:00:00,12/27/2025,12:00,16302.56,13091.76,9219.14,12785.17,51398.62
2025-12-27 12:00:00,12/27/2025,13:00,16822.97,13434.49,9286.53,13217.79,52761.77
2025-12-27 13:00:00,12/27/2025,14:00,17327.53,13775.08,9366.65,13636.36,54105.61
2025-12-27 14:00:00,12/27/2025,15:00,17766.07,14082.74,9476.69,13953.71,55279.21
2025-12-27 15:00:00,12/27/2025,16:00,17987.06,14343.38,9514.15,14059.1,55903.69
2025-12-27 16:00:00,12/27/2025,17:00,17964.08,14418.13,9541.84,13855.72,55779.76
2025-12-27 17:00:00,12/27/2025,18:00,17754.08,14338.99,9657.9,13594.46,55345.42
2025-12-27 18:00:00,12/27/2025,19:00,17802.58,14208.06,9776.27,13473.99,55260.9
2025-12-27 19:00:00,12/27/2025,20:00,17399.45,13815.96,9725.31,13185.37,54126.08
2025-12-27 20:00:00,12/27/2025,21:00,16936.01,13445.54,9555.48,12940.76,52877.78
2025-12-27 21:00:00,12/27/2025,22:00,16506.31,13132.93,9466.85,12731.5,51837.59
2025-12-27 22:00:00,12/27/2025,23:00,15781.91,12724.9,9452.39,12411.19,50370.39
2025-12-27 23:00:00,12/27/2025,24:00,14975.61,12127.89,9421.19,11988.11,48512.8
2025-12-28 00:00:00,12/28/2025,01:00,14163.12,11584.43,9414.07,11572.23,46733.84
2025-12-28 01:00:00,12/28/2025,02:00,13463.29,11100.92,9356.07,11247.16,45167.43
2025-12-28 02:00:00,12/28/2025,03:00,13102.07,10746.0,9295.92,10949.17,44093.15
2025-12-28 03:00:00,12/28/2025,04:00,12854.29,10502.36,9298.94,10710.39,43365.99
2025-12-28 04:00:00,12/28/2025,05:00,12648.76,10264.79,9298.75,10565.63,42777.94
2025-12-28 05:00:00,12/28/2025,06:00,12704.51,10225.63,9286.4,10529.71,42746.25
2025-12-28 06:00:00,12/28/2025,07:00,12915.54,10477.2,9450.27,10597.23,43440.24
2025-12-28 07:00:00,12/28/2025,08:00,13208.17,10679.74,9512.26,10616.61,44016.79
2025-12-28 08:00:00,12/28/2025,09:00,13667.53,11043.3,9468.05,10936.41,45115.3
2025-12-28 09:00:00,12/28/2025,10:00,14502.87,11656.85,9373.34,11544.75,47077.81
2025-12-28 10:00:00,12/28/2025,11:00,15368.11,12237.25,9426.84,12131.73,49163.93
2025-12-28 11:00:00,12/28/2025,12:00,16040.74,12737.43,9432.23,12702.69,50913.09
2025-12-28 12:00:00,12/28/2025,13:00,16731.67,13217.63,9374.67,13304.24,52628.2
2025-12-28 13:00:00,12/28/2025,14:00,17116.94,13512.86,9424.57,13757.57,53811.94
2025-12-28 14:00:00,12/28/2025,15:00,17439.05,13666.6,9415.51,14034.45,54555.61
2025-12-28 15:00:00,12/28/2025,16:00,17195.82,13902.8,9493.48,14137.84,54729.94
2025-12-28 16:00:00,12/28/2025,17:00,16509.39,14134.37,9552.78,13963.34,54159.87
2025-12-28 17:00:00,12/28/2025,18:00,16309.24,14226.05,9668.91,13793.06,53997.25
2025-12-28 18:00:00,12/28/2025,19:00,16482.06,14390.63,9631.31,13748.15,54252.15
2025-12-28 19:00:00,12/28/2025,20:00,16199.89,14091.46,9463.34,13400.87,53155.56
2025-12-28 20:00:00,12/28/2025,21:00,15965.23,13644.09,9409.72,13088.68,52107.72
2025-12-28 21:00:00,12/28/2025,22:00,15694.35,12989.48,9408.33,12782.61,50874.77
2025-12-28 22:00:00,12/28/2025,23:00,15238.37,12242.7,9330.21,12282.1,49093.39
2025-12-28 23:00:00,12/28/2025,24:00,14807.03,11543.36,9300.17,11594.88,47245.44
2025-12-29 00:00:00,12/29/2025,01:00,14557.5,10774.61,9263.68,10784.06,45379.85
2025-12-29 01:00:00,12/29/2025,02:00,14610.74,10345.59,9386.73,10191.27,44534.33
2025-12-29 02:00:00,12/29/2025,03:00,14823.43,10232.5,9505.01,9852.37,44413.31
2025-12-29 03:00:00,12/29/2025,04:00,15217.59,10146.93,9512.89,9733.76,44611.17
2025-12-29 04:00:00,12/29/2025,05:00,15884.61,10411.46,9524.1,9822.82,45642.99
2025-12-29 05:00:00,12/29/2025,06:00,17065.06,10909.35,9548.18,10117.52,47640.12
2025-12-29 06:00:00,12/29/2025,07:00,18649.69,11616.99,9783.01,10610.57,50660.26
2025-12-29 07:00:00,12/29/2025,08:00,19976.43,12293.89,10084.09,11087.11,53441.51
2025-12-29 08:00:00,12/29/2025,09:00,20660.94,12875.04,10142.63,11501.43,55180.04
2025-12-29 09:00:00,12/29/2025,10:00,20987.38,13392.47,10269.83,11853.45,56503.14
2025-12-29 10:00:00,12/29/2025,11:00,20924.92,13815.2,10090.81,12124.0,56954.92
2025-12-29 11:00:00,12/29/2025,12:00,20582.1,14038.81,10164.71,12250.47,57036.09
2025-12-29 12:00:00,12/29/2025,13:00,20477.6,14035.96,10123.14,12329.4,56966.11
2025-12-29 13:00:00,12/29/2025,14:00,20099.0,14158.51,10079.78,12443.02,56780.31
2025-12-29 14:00:00,12/29/2025,15:00,19559.67,14298.47,10058.91,12571.79,56488.84
2025-12-29 15:00:00,12/29/2025,16:00,19541.29,14400.74,10031.72,12741.43,56715.18
2025-12-29 16:00:00,12/29/2025,17:00,19824.71,14623.19,9939.88,12899.35,57287.14
2025-12-29 17:00:00,12/29/2025,18:00,20717.46,15145.31,9458.04,13366.68,58687.48
2025-12-29 18:00:00,12/29/2025,19:00,21125.56,15612.73,9397.4,13651.25,59786.95
2025-12-29 19:00:00,12/29/2025,20:00,20860.02,15461.48,9358.6,13638.84,59318.93
2025-12-29 20:00:00,12/29/2025,21:00,20688.85,15211.29,9517.78,13484.62,58902.55
2025-12-29 21:00:00,12/29/2025,22:00,20102.41,14822.22,9523.78,13296.79,57745.2
2025-12-29 22:00:00,12/29/2025,23:00,19286.97,14185.8,9567.08,12851.78,55891.62
2025-12-29 23:00:00,12/29/2025,24:00,18586.86,13621.3,9500.12,12418.32,54126.6
2025-12-30 00:00:00,12/30/2025,01:00,18070.38,13041.31,9474.01,12078.98,52664.69
2025-12-30 01:00:00,12/30/2025,02:00,17895.17,12707.24,9428.39,11799.5,51830.3
2025-12-30 02:00:00,12/30/2025,03:00,17969.25,12563.38,9466.74,11639.25,51638.62
2025-12-30 03:00:00,12/30/2025,04:00,18292.06,12466.96,9708.98,11567.5,52035.5
2025-12-30 04:00:00,12/30/2025,05:00,19011.49,12632.94,9721.92,11719.67,53086.02
2025-12-30 05:00:00,12/30/2025,06:00,20030.92,13059.16,9790.47,12112.61,54993.16
2025-12-30 06:00:00,12/30/2025,07:00,21238.63,13710.71,9890.16,12614.75,57454.25
2025-12-30 07:00:00,12/30/2025,08:00,22206.66,14348.07,9956.18,12940.17,59451.07
2025-12-30 08:00:00,12/30/2025,09:00,21910.74,14462.63,10070.08,13138.47,59581.92
2025-12-30 09:00:00,12/30/2025,10:00,20774.34,14258.14,10106.98,13086.83,58226.29
2025-12-30 10:00:00,12/30/2025,11:00,19759.62,13705.77,9960.59,12859.16,56285.14
2025-12-30 11:00:00,12/30/2025,12:00,18687.49,13022.26,9775.72,12618.76,54104.23
2025-12-30 12:00:00,12/30/2025,13:00,17777.69,12518.82,9674.75,12355.15,52326.41
2025-12-30 13:00:00,12/30/2025,14:00,17071.76,12133.55,9659.58,12178.96,51043.85
2025-12-30 14:00:00,12/30/2025,15:00,16525.97,12004.84,9676.36,12010.34,50217.5
2025-12-30 15:00:00,12/30/2025,16:00,16309.6,11928.12,9680.28,11943.78,49861.79
2025-12-30 16:00:00,12/30/2025,17:00,16459.84,12007.92,9783.6,11923.34,50174.71
2025-12-30 17:00:00,12/30/2025,18:00,17521.11,12613.88,9976.12,12248.53,52359.64
2025-12-30 18:00:00,12/30/2025,19:00,18525.56,13417.58,10072.42,12620.88,54636.44
2025-12-30 19:00:00,12/30/2025,20:00,18742.23,13578.02,10142.62,12721.62,55184.49
2025-12-30 20:00:00,12/30/2025,21:00,18971.3,13762.33,10152.77,12774.44,55660.84
2025-12-30 21:00:00,12/30/2025,22:00,18925.35,13799.14,10011.96,12741.44,55477.89
2025-12-30 22:00:00,12/30/2025,23:00,18454.82,13558.05,9891.02,12492.83,54396.72
2025-12-30 23:00:00,12/30/2025,24:00,17944.37,13154.82,9891.69,12224.51,53215.39
2025-12-31 00:00:00,12/31/2025,01:00,17607.47,12929.02,9868.58,12007.26,52412.33
2025-12-31 01:00:00,12/31/2025,02:00,17423.12,12661.87,9899.45,11883.01,51867.46
2025-12-31 02:00:00,12/31/2025,03:00,17286.58,12653.93,9857.17,11836.83,51634.51
2025-12-31 03:00:00,12/31/2025,04:00,17348.3,12822.69,9815.22,11900.73,51886.94
2025-12-31 04:00:00,12/31/2025,05:00,17709.86,13062.72,9840.58,12169.29,52782.44
2025-12-31 05:00:00,12/31/2025,06:00,18508.86,13607.31,9974.92,12608.11,54699.2
2025-12-31 06:00:00,12/31/2025,07:00,19446.2,14361.24,10172.29,13102.07,57081.8
2025-12-31 07:00:00,12/31/2025,08:00,20142.34,14890.67,10349.98,13408.0,58790.99
2025-12-31 08:00:00,12/31/2025,09:00,19876.81,14695.61,10299.95,13333.63,58206.0
2025-12-31 09:00:00,12/31/2025,10:00,18824.1,13916.15,10200.11,13070.87,56011.23
2025-12-31 10:00:00,12/31/2025,11:00,17790.94,13200.19,9978.89,12709.44,53679.46
2025-12-31 11:00:00,12/31/2025,12:00,16790.52,12545.46,9788.76,12313.25,51437.99
2025-12-31 12:00:00,12/31/2025,13:00,15986.71,12029.99,9681.69,11995.3,49693.69
2025-12-31 13:00:00,12/31/2025,14:00,15480.65,11812.93,9623.29,11828.77,48745.63
2025-12-31 14:00:00,12/31/2025,15:00,15194.88,11673.8,9609.46,11589.1,48067.25
2025-12-31 15:00:00,12/31/2025,16:00,15147.05,11780.36,9593.12,11511.01,48031.53
2025-12-31 16:00:00,12/31/2025,17:00,15271.63,12061.29,9622.5,11437.31,48392.72
2025-12-31 17:00:00,12/31/2025,18:00,15868.78,12391.73,9720.05,11589.02,49569.58
2025-12-31 18:00:00,12/31/2025,19:00,16345.09,12813.75,9835.84,11896.2,50890.88
2025-12-31 19:00:00,12/31/2025,20:00,15970.37,12450.88,9705.76,11678.5,49805.51
2025-12-31 20:00:00,12/31/2025,21:00,15643.91,12148.37,9771.95,11449.48,49013.71
2025-12-31 21:00:00,12/31/2025,22:00,15339.45,11910.77,9738.81,11265.5,48254.52
2025-12-31 22:00:00,12/31/2025,23:00,15019.9,11796.17,9517.93,11061.4,47395.4
2025-12-31 23:00:00,12/31/2025,24:00,14802.52,11716.78,9402.28,10890.7,46812.28
2026-01-01 00:00:00,01/01/2026,01:00,14585.19,11451.26,9394.13,10799.24,46229.83
2026-01-01 01:00:00,01/01/2026,02:00,14550.98,11506.28,9369.72,10789.99,46216.97
2026-01-01 02:00:00,01/01/2026,03:00,14462.81,11557.39,9369.81,10758.06,46148.07
2026-01-01 03:00:00,01/01/2026,04:00,14509.5,11563.98,9410.58,10766.78,46250.84
2026-01-01 04:00:00,01/01/2026,05:00,14690.67,11695.97,9438.3,10865.57,46690.5
2026-01-01 05:00:00,01/01/2026,06:00,15106.49,11803.27,9466.67,10992.74,47369.17
2026-01-01 06:00:00,01/01/2026,07:00,15642.66,12070.13,9540.53,11178.65,48431.97
2026-01-01 07:00:00,01/01/2026,08:00,15972.17,12199.54,9638.41,11182.12,48992.24
2026-01-01 08:00:00,01/01/2026,09:00,15918.43,12164.61,9617.36,11088.25,48788.65
2026-01-01 09:00:00,01/01/2026,10:00,15691.2,11670.56,9776.7,10928.03,48066.5
2026-01-01 10:00:00,01/01/2026,11:00,15247.77,11212.71,9919.34,10803.32,47183.15
2026-01-01 11:00:00,01/01/2026,12:00,14791.83,11014.6,9922.42,10733.72,46462.57
2026-01-01 12:00:00,01/01/2026,13:00,14440.84,11124.84,9839.55,10724.68,46129.92
2026-01-01 13:00:00,01/01/2026,14:00,14273.68,11171.3,9674.57,10760.54,45880.08
2026-01-01 14:00:00,01/01/2026,15:00,14188.51,11300.06,9422.29,10813.71,45724.56
2026-01-01 15:00:00,01/01/2026,16:00,14182.73,11421.69,9286.53,10900.59,45791.54
2026-01-01 16:00:00,01/01/2026,17:00,14313.9,11591.53,9375.32,10892.48,46173.23
2026-01-01 17:00:00,01/01/2026,18:00,14904.07,11942.34,9489.88,11073.22,47409.51
2026-01-01 18:00:00,01/01/2026,19:00,15259.42,12326.37,9696.06,11285.17,48567.03
2026-01-01 19:00:00,01/01/2026,20:00,15145.28,12213.04,9694.04,11203.33,48255.7
2026-01-01 20:00:00,01/01/2026,21:00,15006.74,12024.09,9608.84,11093.89,47733.55
2026-01-01 21:00:00,01/01/2026,22:00,14714.3,11845.91,9533.11,10928.75,47022.06
2026-01-01 22:00:00,01/01/2026,23:00,14143.52,11440.9,9469.82,10658.32,45712.55
2026-01-01 23:00:00,01/01/2026,24:00,13552.44,10860.18,9460.27,10351.06,44223.96
2026-01-02 00:00:00,01/02/2026,01:00,12949.56,10499.9,9405.27,10050.16,42904.89
2026-01-02 01:00:00,01/02/2026,02:00,12592.86,10114.21,9272.31,9831.22,41810.6
2026-01-02 02:00:00,01/02/2026,03:00,12363.49,9862.44,9250.37,9687.33,41163.62
2026-01-02 03:00:00,01/02/2026,04:00,12342.71,9812.36,9229.84,9631.27,41016.18
2026-01-02 04:00:00,01/02/2026,05:00,12570.17,9905.6,9257.61,9714.21,41447.59
2026-01-02 05:00:00,01/02/2026,06:00,13110.61,10191.91,9175.29,9952.94,42430.75
2026-01-02 06:00:00,01/02/2026,07:00,13900.57,10658.79,9293.84,10278.36,44131.57
2026-01-02 07:00:00,01/02/2026,08:00,14633.52,11006.84,9365.54,10481.06,45486.96
2026-01-02 08:00:00,01/02/2026,09:00,14890.93,11137.28,9339.75,10773.31,46141.26
2026-01-02 09:00:00,01/02/2026,10:00,14803.15,11272.41,9417.38,11190.63,46683.57
2026-01-02 10:00:00,01/02/2026,11:00,14906.71,11454.16,9302.69,11599.89,47263.45
2026-01-02 11:00:00,01/02/2026,12:00,14871.83,11760.23,9285.41,11969.98,47887.46
2026-01-02 12:00:00,01/02/2026,13:00,15071.25,12196.88,9301.74,12312.71,48882.58
2026-01-02 13:00:00,01/02/2026,14:00,15213.81,12738.74,9286.73,12692.25,49931.54
2026-01-02 14:00:00,01/02/2026,15:00,15350.62,13256.84,9352.23,13020.05,50979.74
2026-01-02 15:00:00,01/02/2026,16:00,15546.33,13769.34,9383.76,13264.71,51964.14
2026-01-02 16:00:00,01/02/2026,17:00,15734.7,14186.47,9346.5,13271.08,52538.74
2026-01-02 17:00:00,01/02/2026,18:00,15689.13,14058.69,9369.54,13050.13,52167.5
2026-01-02 18:00:00,01/02/2026,19:00,15795.71,13883.4,9579.43,12904.61,52163.16
2026-01-02 19:00:00,01/02/2026,20:00,15456.5,13331.56,9562.44,12544.09,50894.59
2026-01-02 20:00:00,01/02/2026,21:00,15228.64,12857.44,9536.92,12276.63,49899.63
2026-01-02 21:00:00,01/02/2026,22:00,14860.58,12463.07,9448.1,12027.05,48798.81
2026-01-02 22:00:00,01/02/2026,23:00,14302.11,12013.82,9319.69,11670.82,47306.44
2026-01-02 23:00:00,01/02/2026,24:00,13730.88,11402.72,9251.73,11245.77,45631.1
2026-01-03 00:00:00,01/03/2026,01:00,13124.27,10876.51,9204.12,10844.39,44049.28
2026-01-03 01:00:00,01/03/2026,02:00,12690.96,10437.21,9207.92,10527.82,42863.91
2026-01-03 02:00:00,01/03/2026,03:00,12384.75,10122.92,9243.39,10259.05,42010.11
2026-01-03 03:00:00,01/03/2026,04:00,12345.39,9765.56,9237.71,10083.18,41431.84
2026-01-03 04:00:00,01/03/2026,05:00,12415.15,9651.11,9227.23,10005.01,41298.5
2026-01-03 05:00:00,01/03/2026,06:00,12669.75,9693.82,9272.63,9985.45,41621.64
2026-01-03 06:00:00,01/03/2026,07:00,13205.75,9916.84,9339.22,10093.46,42555.27
2026-01-03 07:00:00,01/03/2026,08:00,13829.15,10195.12,9504.79,10182.1,43711.16
2026-01-03 08:00:00,01/03/2026,09:00,14431.79,10571.35,9607.5,10504.49,45115.12
2026-01-03 09:00:00,01/03/2026,10:00,14761.66,10901.76,9617.23,10946.28,46226.92
2026-01-03 10:00:00,01/03/2026,11:00,14738.68,11117.07,9672.43,11293.2,46821.38
2026-01-03 11:00:00,01/03/2026,12:00,14655.84,11346.16,9663.38,11641.35,47306.74
2026-01-03 12:00:00,01/03/2026,13:00,14481.4,11730.73,9660.26,11951.58,47823.97
2026-01-03 13:00:00,01/03/2026,14:00,14307.3,12054.45,9698.22,12147.41,48207.38
2026-01-03 14:00:00,01/03/2026,15:00,14207.98,12423.17,9676.27,12190.99,48498.41
2026-01-03 15:00:00,01/03/2026,16:00,14285.55,12871.43,9590.19,12146.56,48893.72
2026-01-03 16:00:00,01/03/2026,17:00,14430.34,13046.65,9694.58,11961.92,49133.49
2026-01-03 17:00:00,01/03/2026,18:00,14999.6,12937.89,9799.71,11810.13,49547.33
2026-01-03 18:00:00,01/03/2026,19:00,15494.47,12825.97,9815.89,11879.85,50016.19
2026-01-03 19:00:00,01/03/2026,20:00,15339.6,12415.2,9599.64,11653.54,49007.99
2026-01-03 20:00:00,01/03/2026,21:00,15131.37,12170.65,8890.64,11435.49,47628.16
2026-01-03 21:00:00,01/03/2026,22:00,14948.37,11857.95,9282.09,11239.53,47327.94
2026-01-03 22:00:00,01/03/2026,23:00,14562.04,11506.43,9415.94,10896.74,46381.14
2026-01-03 23:00:00,01/03/2026,24:00,14110.79,10918.46,9312.48,10509.74,44851.48
2026-01-04 00:00:00,01/04/2026,01:00,13770.87,10426.28,9212.35,10152.43,43561.92
2026-01-04 01:00:00,01/04/2026,02:00,13607.23,10050.27,9161.77,9876.26,42695.53
2026-01-04 02:00:00,01/04/2026,03:00,13628.85,9908.97,9130.52,9699.25,42367.59
2026-01-04 03:00:00,01/04/2026,04:00,13760.26,9789.51,9216.61,9606.73,42373.12
2026-01-04 04:00:00,01/04/2026,05:00,13949.27,9778.43,9272.01,9578.96,42578.67
2026-01-04 05:00:00,01/04/2026,06:00,14397.78,9899.48,9291.55,9660.43,43249.25
2026-01-04 06:00:00,01/04/2026,07:00,15108.02,10195.91,9352.33,9853.28,44509.54
2026-01-04 07:00:00,01/04/2026,08:00,15855.97,10609.03,9437.89,10024.79,45927.68
2026-01-04 08:00:00,01/04/2026,09:00,16424.99,10910.51,9335.29,10300.45,46971.24
2026-01-04 09:00:00,01/04/2026,10:00,16627.14,11048.66,9320.96,10583.86,47580.62
2026-01-04 10:00:00,01/04/2026,11:00,15918.64,11061.44,9277.2,10747.84,47005.12
2026-01-04 11:00:00,01/04/2026,12:00,15368.93,11143.57,9313.89,10790.04,46616.43
2026-01-04 12:00:00,01/04/2026,13:00,15136.31,11334.51,9306.64,10891.55,46669.01
2026-01-04 13:00:00,01/04/2026,14:00,14898.68,11568.78,9346.01,10998.66,46812.14
2026-01-04 14:00:00,01/04/2026,15:00,14915.83,11715.85,9375.88,11101.53,47109.09
2026-01-04 15:00:00,01/04/2026,16:00,14891.11,11925.43,9413.6,11221.46,47451.59
2026-01-04 16:00:00,01/04/2026,17:00,15207.3,12263.03,9395.92,11295.95,48162.2
2026-01-04 17:00:00,01/04/2026,18:00,15788.16,12487.2,9564.83,11445.81,49286.0
2026-01-04 18:00:00,01/04/2026,19:00,16263.22,12693.29,9704.15,11708.35,50369.01
2026-01-04 19:00:00,01/04/2026,20:00,16286.84,12532.06,9674.06,11616.8,50109.76
2026-01-04 20:00:00,01/04/2026,21:00,16127.4,12298.93,9623.52,11495.92,49545.77
2026-01-04 21:00:00,01/04/2026,22:00,15774.17,11931.37,9530.79,11257.21,48493.53
2026-01-04 22:00:00,01/04/2026,23:00,15171.5,11418.53,9501.32,10866.66,46958.01
2026-01-04 23:00:00,01/04/2026,24:00,14421.41,10887.99,9403.67,10477.27,45190.34
2026-01-05 00:00:00,01/05/2026,01:00,13918.78,10407.07,9351.15,10168.35,43845.36
2026-01-05 01:00:00,01/05/2026,02:00,13599.13,10150.72,9391.72,9968.47,43110.04
2026-01-05 02:00:00,01/05/2026,03:00,13482.07,9853.86,9405.96,9855.97,42597.87
2026-01-05 03:00:00,01/05/2026,04:00,13566.39,9761.14,9371.13,9898.47,42597.13
2026-01-05 04:00:00,01/05/2026,05:00,13952.73,9977.77,9529.88,10121.55,43581.92
2026-01-05 05:00:00,01/05/2026,06:00,14803.14,10420.15,9639.66,10507.23,45370.18
2026-01-05 06:00:00,01/05/2026,07:00,15949.57,11114.51,9745.47,11068.75,47878.3
2026-01-05 07:00:00,01/05/2026,08:00,16765.77,11486.19,9879.54,11398.13,49529.63
2026-01-05 08:00:00,01/05/2026,09:00,16921.41,11718.98,9742.81,11541.35,49924.55
2026-01-05 09:00:00,01/05/2026,10:00,16997.98,12006.25,9559.38,11698.22,50261.83
2026-01-05 10:00:00,01/05/2026,11:00,16981.28,12140.66,9551.01,11847.48,50520.44
2026-01-05 11:00:00,01/05/2026,12:00,16700.08,12352.08,9479.15,12019.75,50551.07
2026-01-05 12:00:00,01/05/2026,13:00,16309.15,12647.79,9433.04,12193.73,50583.71
2026-01-05 13:00:00,01/05/2026,14:00,16023.57,12855.27,9481.59,12437.43,50797.86
2026-01-05 14:00:00,01/05/2026,15:00,15911.48,13154.04,9500.04,12696.28,51261.84
2026-01-05 15:00:00,01/05/2026,16:00,15758.48,13325.2,9594.5,12933.09,51611.27
2026-01-05 16:00:00,01/05/2026,17:00,15820.02,13448.39,9824.14,12840.2,51932.75
2026-01-05 17:00:00,01/05/2026,18:00,16134.62,13514.47,10036.39,12745.09,52430.58
2026-01-05 18:00:00,01/05/2026,19:00,16711.7,13867.7,9975.94,12806.65,53362.0
2026-01-05 19:00:00,01/05/2026,20:00,16551.59,13743.42,9783.12,12613.17,52691.3
2026-01-05 20:00:00,01/05/2026,21:00,16205.4,13231.63,9824.24,12386.04,51647.3
2026-01-05 21:00:00,01/05/2026,22:00,15624.1,12780.12,9727.9,12049.84,50181.96
2026-01-05 22:00:00,01/05/2026,23:00,14754.95,12162.65,9537.99,11523.26,47978.85
2026-01-05 23:00:00,01/05/2026,24:00,13884.35,11438.61,9444.65,10973.31,45740.92
2026-01-06 00:00:00,01/06/2026,01:00,13176.54,10815.19,9470.03,10543.78,44005.54
2026-01-06 01:00:00,01/06/2026,02:00,12742.12,10411.57,9519.0,10262.45,42935.13
2026-01-06 02:00:00,01/06/2026,03:00,12472.52,10173.25,9482.17,10113.89,42241.83
2026-01-06 03:00:00,01/06/2026,04:00,12373.01,10063.36,9325.48,10071.54,41833.39
2026-01-06 04:00:00,01/06/2026,05:00,12598.55,10138.41,9564.95,10206.19,42508.1
2026-01-06 05:00:00,01/06/2026,06:00,13346.15,10551.61,9560.48,10602.47,44060.7
2026-01-06 06:00:00,01/06/2026,07:00,14535.7,11328.37,9817.21,11185.62,46866.91
2026-01-06 07:00:00,01/06/2026,08:00,15138.55,11642.03,9904.71,11505.82,48191.11
2026-01-06 08:00:00,01/06/2026,09:00,15179.96,11759.8,9938.17,11670.08,48548.01
2026-01-06 09:00:00,01/06/2026,10:00,15280.81,12045.7,9774.3,11951.26,49052.08
2026-01-06 10:00:00,01/06/2026,11:00,15277.56,12316.81,9711.15,12274.06,49579.58
2026-01-06 11:00:00,01/06/2026,12:00,15386.23,12477.7,9712.09,12676.7,50252.71
2026-01-06 12:00:00,01/06/2026,13:00,15459.88,12894.43,9714.03,13020.82,51089.15
2026-01-06 13:00:00,01/06/2026,14:00,15608.03,13322.16,9711.13,13451.62,52092.93
2026-01-06 14:00:00,01/06/2026,15:00,15892.5,13893.89,9702.76,13733.14,53222.28
2026-01-06 15:00:00,01/06/2026,16:00,15992.08,14353.37,9729.87,13871.76,53947.09
2026-01-06 16:00:00,01/06/2026,17:00,16200.39,14588.96,9928.38,13878.87,54596.59
2026-01-06 17:00:00,01/06/2026,18:00,16558.67,14440.84,9779.44,13644.73,54423.69
2026-01-06 18:00:00,01/06/2026,19:00,16835.91,14405.65,9581.47,13535.11,54358.14
2026-01-06 19:00:00,01/06/2026,20:00,16543.82,13967.12,9577.19,13231.81,53319.93
2026-01-06 20:00:00,01/06/2026,21:00,16056.79,13478.24,9453.62,12932.66,51921.31
2026-01-06 21:00:00,01/06/2026,22:00,15449.93,12864.31,9454.71,12586.27,50355.22
2026-01-06 22:00:00,01/06/2026,23:00,14510.02,12109.65,9655.45,12002.22,48277.34
2026-01-06 23:00:00,01/06/2026,24:00,13716.71,11195.7,9693.5,11427.62,46033.53
2026-01-07 00:00:00,01/07/2026,01:00,13090.14,10547.63,9606.32,10841.54,44085.63
2026-01-07 01:00:00,01/07/2026,02:00,12762.06,10129.22,9599.01,10458.41,42948.7
2026-01-07 02:00:00,01/07/2026,03:00,12758.67,9939.3,9595.33,10245.06,42538.36
2026-01-07 03:00:00,01/07/2026,04:00,12802.98,9844.75,9620.9,10157.96,42426.59
2026-01-07 04:00:00,01/07/2026,05:00,13240.56,9976.19,9678.6,10286.56,43181.9
2026-01-07 05:00:00,01/07/2026,06:00,14253.14,10423.91,9855.93,10700.84,45233.83
2026-01-07 06:00:00,01/07/2026,07:00,15852.96,11293.43,9953.6,11269.82,48369.82
2026-01-07 07:00:00,01/07/2026,08:00,16741.99,11725.24,10026.47,11525.96,50019.66
2026-01-07 08:00:00,01/07/2026,09:00,16617.3,11684.52,9911.9,11711.1,49924.81
2026-01-07 09:00:00,01/07/2026,10:00,16076.6,11846.11,9709.28,11984.73,49616.73
2026-01-07 10:00:00,01/07/2026,11:00,15579.02,12039.28,9638.69,12308.11,49565.1
2026-01-07 11:00:00,01/07/2026,12:00,15368.2,12374.77,9503.96,12668.42,49915.35
2026-01-07 12:00:00,01/07/2026,13:00,15496.97,12860.45,9530.49,13020.94,50908.85
2026-01-07 13:00:00,01/07/2026,14:00,15556.73,13341.95,9517.15,13495.31,51911.14
2026-01-07 14:00:00,01/07/2026,15:00,15477.79,13727.13,9488.89,13777.71,52471.52
2026-01-07 15:00:00,01/07/2026,16:00,15499.12,14152.22,9258.35,13820.02,52729.71
2026-01-07 16:00:00,01/07/2026,17:00,15689.21,14320.51,9106.59,13711.64,52827.95
2026-01-07 17:00:00,01/07/2026,18:00,16221.97,14402.99,9165.76,13574.67,53365.38
2026-01-07 18:00:00,01/07/2026,19:00,16760.48,14606.28,9584.86,13551.75,54503.37
2026-01-07 19:00:00,01/07/2026,20:00,16685.44,14293.37,9525.36,13307.64,53811.81
2026-01-07 20:00:00,01/07/2026,21:00,16517.61,13909.24,9593.72,13024.38,53044.95
2026-01-07 21:00:00,01/07/2026,22:00,16051.29,13485.03,9572.58,12692.44,51801.35
2026-01-07 22:00:00,01/07/2026,23:00,15156.22,12815.94,9392.0,12199.15,49563.32
2026-01-07 23:00:00,01/07/2026,24:00,14172.03,12034.89,9343.55,11612.02,47162.49
2026-01-08 00:00:00,01/08/2026,01:00,13429.04,11282.5,9354.95,11114.99,45181.48
2026-01-08 01:00:00,01/08/2026,02:00,12995.79,10906.96,9290.82,10813.19,44006.76
2026-01-08 02:00:00,01/08/2026,03:00,12688.89,10784.89,9334.87,10642.74,43451.39
2026-01-08 03:00:00,01/08/2026,04:00,12564.02,10622.7,9216.58,10602.37,43005.67
2026-01-08 04:00:00,01/08/2026,05:00,12715.48,10694.2,9238.1,10755.99,43403.76
2026-01-08 05:00:00,01/08/2026,06:00,13404.13,11112.04,9209.57,11196.72,44922.45
2026-01-08 06:00:00,01/08/2026,07:00,14616.72,11978.41,9212.02,11829.88,47637.03
2026-01-08 07:00:00,01/08/2026,08:00,15457.27,12618.03,9150.79,12150.26,49376.35
2026-01-08 08:00:00,01/08/2026,09:00,15675.83,12732.5,9111.35,12369.96,49889.63
2026-01-08 09:00:00,01/08/2026,10:00,15941.01,12832.3,9309.73,12660.25,50743.29
2026-01-08 10:00:00,01/08/2026,11:00,16135.71,13043.38,9311.87,12906.49,51397.45
2026-01-08 11:00:00,01/08/2026,12:00,16235.65,13382.43,9357.39,13183.65,52159.12
2026-01-08 12:00:00,01/08/2026,13:00,16364.5,13676.31,9320.16,13262.09,52623.07
2026-01-08 13:00:00,01/08/2026,14:00,16538.37,13939.68,9383.53,13413.22,53274.79
2026-01-08 14:00:00,01/08/2026,15:00,16582.46,14046.58,9447.94,13487.05,53564.02
2026-01-08 15:00:00,01/08/2026,16:00,16493.12,14166.31,9500.3,13517.31,53677.04
2026-01-08 16:00:00,01/08/2026,17:00,16414.86,14234.41,9570.04,13427.21,53646.53
2026-01-08 17:00:00,01/08/2026,18:00,16592.82,14283.25,9503.56,13449.11,53828.74
2026-01-08 18:00:00,01/08/2026,19:00,16910.96,14448.88,9652.52,13572.64,54585.0
2026-01-08 19:00:00,01/08/2026,20:00,16606.82,14095.11,9630.39,13327.87,53660.2
2026-01-08 20:00:00,01/08/2026,21:00,16194.72,13663.21,9568.72,13122.13,52548.78
2026-01-08 21:00:00,01/08/2026,22:00,15532.92,13139.99,9607.18,12834.48,51114.57
2026-01-08 22:00:00,01/08/2026,23:00,14543.93,12475.41,9409.1,12313.84,48742.28
2026-01-08 23:00:00,01/08/2026,24:00,13628.11,11645.68,9114.91,11754.02,46142.72
2026-01-09 00:00:00,01/09/2026,01:00,12833.27,10975.05,8691.22,11296.23,43795.77
2026-01-09 01:00:00,01/09/2026,02:00,12320.57,10488.22,8845.79,10954.49,42609.07
2026-01-09 02:00:00,01/09/2026,03:00,12105.61,10211.67,9043.03,10729.68,42089.99
2026-01-09 03:00:00,01/09/2026,04:00,12145.57,10043.12,9059.21,10680.71,41928.61
2026-01-09 04:00:00,01/09/2026,05:00,12347.32,10046.75,9182.22,10813.36,42389.65
2026-01-09 05:00:00,01/09/2026,06:00,13128.6,10497.47,9231.28,11240.31,44097.66
2026-01-09 06:00:00,01/09/2026,07:00,14484.23,11438.31,9474.17,11868.7,47265.41
2026-01-09 07:00:00,01/09/2026,08:00,15420.16,11802.69,9736.91,12156.87,49116.63
2026-01-09 08:00:00,01/09/2026,09:00,15699.83,12013.83,9274.19,12379.2,49367.06
2026-01-09 09:00:00,01/09/2026,10:00,15852.64,12344.48,9489.13,12830.26,50516.5
2026-01-09 10:00:00,01/09/2026,11:00,15682.17,12623.44,9406.21,13203.1,50914.91
2026-01-09 11:00:00,01/09/2026,12:00,15506.74,12948.85,9219.7,13521.42,51196.71
2026-01-09 12:00:00,01/09/2026,13:00,15518.07,13071.05,9188.76,13820.34,51598.22
2026-01-09 13:00:00,01/09/2026,14:00,15626.09,13292.25,9126.61,14045.18,52090.13
2026-01-09 14:00:00,01/09/2026,15:00,15628.62,13521.62,9054.23,14096.33,52300.8
2026-01-09 15:00:00,01/09/2026,16:00,15542.22,13691.47,9067.62,14059.11,52360.43
2026-01-09 16:00:00,01/09/2026,17:00,15532.53,13720.03,9065.13,13868.75,52186.44
2026-01-09 17:00:00,01/09/2026,18:00,15717.1,13493.01,9242.4,13817.26,52269.78
2026-01-09 18:00:00,01/09/2026,19:00,16066.75,13538.0,9573.53,13744.25,52922.52
2026-01-09 19:00:00,01/09/2026,20:00,15881.39,13190.79,9644.71,13473.57,52190.46
2026-01-09 20:00:00,01/09/2026,21:00,15719.27,13028.64,9694.0,13248.87,51690.78
2026-01-09 21:00:00,01/09/2026,22:00,15563.64,12747.88,9628.93,13077.31,51017.76
2026-01-09 22:00:00,01/09/2026,23:00,15037.02,12249.05,9632.6,12696.93,49615.6
2026-01-09 23:00:00,01/09/2026,24:00,14395.87,11603.9,9593.36,12138.12,47731.24
2026-01-10 00:00:00,01/10/2026,01:00,13920.81,11099.26,9567.59,11496.06,46083.72
2026-01-10 01:00:00,01/10/2026,02:00,13675.5,10753.44,9577.54,10971.67,44978.15
2026-01-10 02:00:00,01/10/2026,03:00,13547.13,10494.54,9547.86,10602.54,44192.07
2026-01-10 03:00:00,01/10/2026,04:00,13724.73,10412.58,9560.59,10367.04,44064.94
2026-01-10 04:00:00,01/10/2026,05:00,14141.17,10475.32,9621.86,10231.41,44469.75
2026-01-10 05:00:00,01/10/2026,06:00,14779.85,10721.99,9705.43,10219.13,45426.41
2026-01-10 06:00:00,01/10/2026,07:00,15685.36,11159.02,9812.13,10348.89,47005.41
2026-01-10 07:00:00,01/10/2026,08:00,16778.65,11692.82,9963.9,10450.21,48885.59
2026-01-10 08:00:00,01/10/2026,09:00,17703.59,12195.91,9957.54,10705.24,50562.28
2026-01-10 09:00:00,01/10/2026,10:00,18245.02,12388.55,10008.28,11044.95,51686.79
2026-01-10 10:00:00,01/10/2026,11:00,18167.89,12387.98,9805.51,11338.51,51699.89
2026-01-10 11:00:00,01/10/2026,12:00,17553.12,12234.9,9690.33,11466.87,50945.22
2026-01-10 12:00:00,01/10/2026,13:00,17043.54,12026.0,9721.06,11475.69,50266.29
2026-01-10 13:00:00,01/10/2026,14:00,16413.78,11821.48,9722.26,11544.94,49502.46
2026-01-10 14:00:00,01/10/2026,15:00,15876.84,11678.67,9724.94,11387.75,48668.19
2026-01-10 15:00:00,01/10/2026,16:00,15705.01,11639.25,9725.02,11307.63,48376.91
2026-01-10 16:00:00,01/10/2026,17:00,15946.54,11956.77,9747.71,11323.54,48974.55
2026-01-10 17:00:00,01/10/2026,18:00,16799.63,12492.49,10024.49,11592.68,50909.29
2026-01-10 18:00:00,01/10/2026,19:00,17829.57,13134.4,10208.02,11924.75,53096.75
2026-01-10 19:00:00,01/10/2026,20:00,17956.81,13031.27,10238.43,11956.47,53182.98
2026-01-10 20:00:00,01/10/2026,21:00,18093.14,13042.3,10311.62,11916.42,53363.49
2026-01-10 21:00:00,01/10/2026,22:00,18123.12,13110.39,10438.8,11830.46,53502.76
2026-01-10 22:00:00,01/10/2026,23:00,17878.49,12933.13,10447.56,11631.32,52890.5
2026-01-10 23:00:00,01/10/2026,24:00,17519.72,12645.86,10341.54,11392.51,51899.63
2026-01-11 00:00:00,01/11/2026,01:00,17162.25,12363.04,10127.19,11160.98,50813.46
2026-01-11 01:00:00,01/11/2026,02:00,16963.64,12186.64,10036.9,10978.92,50166.1
2026-01-11 02:00:00,01/11/2026,03:00,16870.56,12046.5,9992.32,10868.49,49777.87
2026-01-11 03:00:00,01/11/2026,04:00,16851.64,12121.44,9903.33,10848.25,49724.65
2026-01-11 04:00:00,01/11/2026,05:00,17077.59,12273.21,9973.47,10918.0,50242.27
2026-01-11 05:00:00,01/11/2026,06:00,17451.13,12522.99,10042.53,11094.38,51111.03
2026-01-11 06:00:00,01/11/2026,07:00,18174.85,12984.36,10143.19,11386.0,52688.41
2026-01-11 07:00:00,01/11/2026,08:00,18910.46,13426.9,10151.73,11690.87,54179.95
2026-01-11 08:00:00,01/11/2026,09:00,19113.46,13797.49,10310.47,11943.29,55164.7
2026-01-11 09:00:00,01/11/2026,10:00,18500.81,13724.7,10322.23,11978.23,54525.98
2026-01-11 10:00:00,01/11/2026,11:00,17634.26,13197.02,10162.82,11873.91,52868.01
2026-01-11 11:00:00,01/11/2026,12:00,16738.79,12613.84,10042.74,11722.23,51117.61
2026-01-11 12:00:00,01/11/2026,13:00,16006.24,12206.1,9918.17,11531.32,49661.83
2026-01-11 13:00:00,01/11/2026,14:00,15470.57,11938.86,9850.58,11382.49,48642.51
2026-01-11 14:00:00,01/11/2026,15:00,15093.93,11763.39,9858.41,11296.64,48012.36
2026-01-11 15:00:00,01/11/2026,16:00,15036.39,11780.03,9910.88,11306.46,48033.77
2026-01-11 16:00:00,01/11/2026,17:00,15218.74,12001.29,10019.93,11330.81,48570.77
2026-01-11 17:00:00,01/11/2026,18:00,16072.41,12593.62,9894.93,11571.54,50132.49
2026-01-11 18:00:00,01/11/2026,19:00,17036.87,13283.06,9871.4,11970.26,52161.57
2026-01-11 19:00:00,01/11/2026,20:00,17284.58,13469.67,9978.17,12029.75,52762.18
2026-01-11 20:00:00,01/11/2026,21:00,17310.91,13428.15,10090.01,11976.44,52805.52
2026-01-11 21:00:00,01/11/2026,22:00,17040.78,13175.81,10059.49,11804.28,52080.36
2026-01-11 22:00:00,01/11/2026,23:00,16447.77,12648.03,9946.14,11448.48,50490.42
2026-01-11 23:00:00,01/11/2026,24:00,15830.93,12068.29,9847.71,11040.21,48787.13
2026-01-12 00:00:00,01/12/2026,01:00,15511.91,11669.62,9852.8,10785.87,47820.2
2026-01-12 01:00:00,01/12/2026,02:00,15398.7,11453.0,9834.18,10659.35,47345.23
2026-01-12 02:00:00,01/12/2026,03:00,15580.74,11499.43,9884.17,10609.45,47573.79
2026-01-12 03:00:00,01/12/2026,04:00,15948.49,11602.18,9914.9,10709.08,48174.65
2026-01-12 04:00:00,01/12/2026,05:00,16670.8,11861.59,9980.39,11014.67,49527.46
2026-01-12 05:00:00,01/12/2026,06:00,18144.64,12638.66,10069.45,11610.83,52463.59
2026-01-12 06:00:00,01/12/2026,07:00,20108.25,13754.27,10252.25,12435.24,56550.0
2026-01-12 07:00:00,01/12/2026,08:00,21150.54,14291.7,10241.03,12844.45,58527.72
2026-01-12 08:00:00,01/12/2026,09:00,20811.8,14172.27,10404.87,12977.56,58366.5
2026-01-12 09:00:00,01/12/2026,10:00,19765.87,13872.48,10649.03,12826.15,57113.53
2026-01-12 10:00:00,01/12/2026,11:00,18939.48,13497.89,10553.66,12572.85,55563.88
2026-01-12 11:00:00,01/12/2026,12:00,17902.92,12993.42,10306.69,12340.76,53543.8
2026-01-12 12:00:00,01/12/2026,13:00,16988.72,12627.64,10187.4,12099.34,51903.1
2026-01-12 13:00:00,01/12/2026,14:00,16362.88,12377.29,10087.82,12056.19,50884.19
2026-01-12 14:00:00,01/12/2026,15:00,15964.93,12093.02,10042.04,11946.56,50046.56
2026-01-12 15:00:00,01/12/2026,16:00,15704.21,12023.32,9967.79,11887.53,49582.84
2026-01-12 16:00:00,01/12/2026,17:00,15839.5,12001.53,9998.26,11964.14,49803.44
2026-01-12 17:00:00,01/12/2026,18:00,16627.51,12515.61,9794.52,12229.29,51166.93
2026-01-12 18:00:00,01/12/2026,19:00,17590.68,13338.16,9889.28,12532.68,53350.8
2026-01-12 19:00:00,01/12/2026,20:00,17774.71,13357.83,10019.66,12465.06,53617.26
2026-01-12 20:00:00,01/12/2026,21:00,17707.84,13266.52,9894.12,12340.13,53208.61
2026-01-12 21:00:00,01/12/2026,22:00,17270.66,13011.46,9757.47,12163.79,52203.38
2026-01-12 22:00:00,01/12/2026,23:00,16505.92,12350.31,9726.86,11761.54,50344.62
2026-01-12 23:00:00,01/12/2026,24:00,15787.53,11705.56,9666.32,11362.87,48522.28
2026-01-13 00:00:00,01/13/2026,01:00,15305.08,11282.97,9715.21,11040.5,47343.76
2026-01-13 01:00:00,01/13/2026,02:00,15135.6,10958.85,9665.06,10861.11,46620.62
2026-01-13 02:00:00,01/13/2026,03:00,15168.78,10985.82,9714.41,10751.55,46620.57
2026-01-13 03:00:00,01/13/2026,04:00,15264.0,11088.28,9699.99,10766.06,46818.32
2026-01-13 04:00:00,01/13/2026,05:00,15846.35,11317.37,9803.33,10979.41,47946.46
2026-01-13 05:00:00,01/13/2026,06:00,16862.99,11966.48,10100.57,11500.05,50430.09
2026-01-13 06:00:00,01/13/2026,07:00,18483.63,12862.31,10184.23,12047.69,53577.86
2026-01-13 07:00:00,01/13/2026,08:00,19257.73,13392.56,9973.79,12428.09,55052.16
2026-01-13 08:00:00,01/13/2026,09:00,18987.07,13372.79,9577.58,12485.41,54422.86
2026-01-13 09:00:00,01/13/2026,10:00,18436.9,13248.1,9864.22,12587.9,54137.12
2026-01-13 10:00:00,01/13/2026,11:00,17707.93,13052.47,10080.3,12626.63,53467.34
2026-01-13 11:00:00,01/13/2026,12:00,16987.83,12863.21,10015.39,12620.76,52487.19
2026-01-13 12:00:00,01/13/2026,13:00,16355.49,12643.95,9982.23,12695.97,51677.64
2026-01-13 13:00:00,01/13/2026,14:00,15889.86,12388.36,9904.23,12751.17,50933.62
2026-01-13 14:00:00,01/13/2026,15:00,15621.38,12259.35,9787.45,12695.67,50363.87
2026-01-13 15:00:00,01/13/2026,16:00,15761.25,12125.35,9694.77,12616.75,50198.12
2026-01-13 16:00:00,01/13/2026,17:00,16001.6,12269.12,9710.77,12568.61,50550.1
2026-01-13 17:00:00,01/13/2026,18:00,16731.3,12704.46,10031.36,12562.88,52030.0
2026-01-13 18:00:00,01/13/2026,19:00,17506.66,13407.93,10173.39,12522.25,53610.22
2026-01-13 19:00:00,01/13/2026,20:00,17572.64,13528.97,10140.05,12426.86,53668.51
2026-01-13 20:00:00,01/13/2026,21:00,17414.18,13518.69,10269.07,12352.14,53554.08
2026-01-13 21:00:00,01/13/2026,22:00,16970.4,13190.28,10215.96,12044.02,52420.65
2026-01-13 22:00:00,01/13/2026,23:00,16130.65,12609.37,10046.75,11567.44,50354.21
2026-01-13 23:00:00,01/13/2026,24:00,15372.34,12045.51,9863.9,11132.93,48414.69
2026-01-14 00:00:00,01/14/2026,01:00,14887.08,11668.4,9730.57,10757.14,47043.19
2026-01-14 01:00:00,01/14/2026,02:00,14655.69,11520.74,9588.62,10588.75,46353.79
2026-01-14 02:00:00,01/14/2026,03:00,14685.94,11568.64,9572.6,10550.35,46377.53
2026-01-14 03:00:00,01/14/2026,04:00,14879.63,11731.21,9567.92,10629.48,46808.25
2026-01-14 04:00:00,01/14/2026,05:00,15278.2,12029.5,9704.03,10898.6,47910.34
2026-01-14 05:00:00,01/14/2026,06:00,16199.91,12723.64,9950.61,11470.2,50344.38
2026-01-14 06:00:00,01/14/2026,07:00,17539.51,13782.27,10013.44,12241.86,53577.08
2026-01-14 07:00:00,01/14/2026,08:00,18128.24,14232.02,10077.56,12530.47,54968.29
2026-01-14 08:00:00,01/14/2026,09:00,17885.45,13780.96,9832.18,12434.05,53932.63
2026-01-14 09:00:00,01/14/2026,10:00,17314.61,13091.42,9839.45,12239.61,52485.09
2026-01-14 10:00:00,01/14/2026,11:00,16863.8,12515.82,9900.48,12048.2,51328.3
2026-01-14 11:00:00,01/14/2026,12:00,16340.78,11888.14,9907.98,11871.66,50008.56
2026-01-14 12:00:00,01/14/2026,13:00,15941.16,11558.9,9909.59,11832.13,49241.78
2026-01-14 13:00:00,01/14/2026,14:00,15745.28,11353.52,9816.75,11815.48,48731.02
2026-01-14 14:00:00,01/14/2026,15:00,15615.17,11376.53,9717.36,11680.33,48389.38
2026-01-14 15:00:00,01/14/2026,16:00,15658.47,11539.44,9740.61,11680.39,48618.9
2026-01-14 16:00:00,01/14/2026,17:00,16079.15,11858.87,9696.01,11679.78,49313.82
2026-01-14 17:00:00,01/14/2026,18:00,17018.93,12147.53,9766.22,11786.25,50718.94
2026-01-14 18:00:00,01/14/2026,19:00,17841.92,12709.19,9738.88,12105.56,52395.55
2026-01-14 19:00:00,01/14/2026,20:00,18068.33,12861.54,9749.95,12067.46,52747.27
2026-01-14 20:00:00,01/14/2026,21:00,18097.53,12796.61,9927.92,11991.58,52813.63
2026-01-14 21:00:00,01/14/2026,22:00,17809.36,12542.88,10003.54,11699.91,52055.69
2026-01-14 22:00:00,01/14/2026,23:00,17053.0,12076.4,9837.87,11350.61,50317.88
2026-01-14 23:00:00,01/14/2026,24:00,16423.43,11589.55,9824.49,10998.78,48836.25
2026-01-15 00:00:00,01/15/2026,01:00,16092.54,11318.92,9759.97,10756.63,47928.07
2026-01-15 01:00:00,01/15/2026,02:00,16030.31,11230.97,9770.51,10669.5,47701.29
2026-01-15 02:00:00,01/15/2026,03:00,16169.98,11291.24,9807.02,10667.51,47935.75
2026-01-15 03:00:00,01/15/2026,04:00,16500.81,11448.12,9776.97,10828.89,48554.8
2026-01-15 04:00:00,01/15/2026,05:00,17315.55,12009.9,9868.13,11175.72,50369.29
2026-01-15 05:00:00,01/15/2026,06:00,18763.05,12912.78,10010.0,11850.83,53536.66
2026-01-15 06:00:00,01/15/2026,07:00,20797.59,14388.91,10298.12,12759.21,58243.83
2026-01-15 07:00:00,01/15/2026,08:00,21820.79,14951.81,10425.49,13174.79,60372.88
2026-01-15 08:00:00,01/15/2026,09:00,21222.7,14496.35,10250.42,13136.94,59106.41
2026-01-15 09:00:00,01/15/2026,10:00,20049.8,13726.25,9914.37,12970.72,56661.14
2026-01-15 10:00:00,01/15/2026,11:00,18978.41,12958.64,9823.82,12697.02,54457.89
2026-01-15 11:00:00,01/15/2026,12:00,17947.91,12348.77,9675.56,12454.45,52426.69
2026-01-15 12:00:00,01/15/2026,13:00,17038.62,11982.32,9569.28,12223.84,50814.06
2026-01-15 13:00:00,01/15/2026,14:00,16400.21,11830.72,9530.47,12082.63,49844.03
2026-01-15 14:00:00,01/15/2026,15:00,15982.74,11873.76,9590.94,11967.54,49414.98
2026-01-15 15:00:00,01/15/2026,16:00,15815.39,11966.35,9598.48,11967.1,49347.32
2026-01-15 16:00:00,01/15/2026,17:00,16053.65,12122.89,9587.35,11859.9,49623.79
2026-01-15 17:00:00,01/15/2026,18:00,16745.67,12375.2,9566.9,11946.84,50634.61
2026-01-15 18:00:00,01/15/2026,19:00,17791.37,12909.91,9893.5,12342.62,52937.4
2026-01-15 19:00:00,01/15/2026,20:00,18147.95,13171.13,9940.73,12418.61,53678.41
2026-01-15 20:00:00,01/15/2026,21:00,18080.33,13165.67,9780.62,12410.35,53436.97
2026-01-15 21:00:00,01/15/2026,22:00,17793.55,12949.96,9763.02,12242.48,52749.01
2026-01-15 22:00:00,01/15/2026,23:00,17081.24,12466.04,9699.56,11822.05,51068.89
2026-01-15 23:00:00,01/15/2026,24:00,16317.26,12013.56,9597.25,11376.69,49304.77
2026-01-16 00:00:00,01/16/2026,01:00,15793.38,11682.39,9578.32,11091.42,48145.52
2026-01-16 01:00:00,01/16/2026,02:00,15481.15,11486.82,9600.71,10965.45,47534.14
2026-01-16 02:00:00,01/16/2026,03:00,15240.33,11441.17,9554.7,10901.39,47137.6
2026-01-16 03:00:00,01/16/2026,04:00,15278.54,11476.3,9529.86,10941.84,47226.54
2026-01-16 04:00:00,01/16/2026,05:00,15725.68,11806.9,9563.09,11194.41,48290.08
2026-01-16 05:00:00,01/16/2026,06:00,16684.04,12539.95,9739.11,11749.68,50712.77
2026-01-16 06:00:00,01/16/2026,07:00,18268.07,13747.31,9891.98,12511.97,54419.33
2026-01-16 07:00:00,01/16/2026,08:00,19046.78,14402.27,9937.91,12800.06,56187.01
2026-01-16 08:00:00,01/16/2026,09:00,18680.22,13889.07,9828.77,12669.63,55067.69
2026-01-16 09:00:00,01/16/2026,10:00,17919.22,13136.41,10010.24,12432.61,53498.48
2026-01-16 10:00:00,01/16/2026,11:00,17358.12,12547.99,9988.9,12234.39,52129.4
2026-01-16 11:00:00,01/16/2026,12:00,16786.17,12076.13,9960.68,12071.65,50894.63
2026-01-16 12:00:00,01/16/2026,13:00,16254.79,11701.7,9938.3,11951.95,49846.73
2026-01-16 13:00:00,01/16/2026,14:00,15912.93,11604.65,9943.58,11945.59,49406.75
2026-01-16 14:00:00,01/16/2026,15:00,15630.53,11667.24,9885.98,12035.27,49219.02
2026-01-16 15:00:00,01/16/2026,16:00,15511.11,11914.66,9917.87,12060.4,49404.03
2026-01-16 16:00:00,01/16/2026,17:00,15763.35,11988.64,9931.57,11967.52,49651.07
2026-01-16 17:00:00,01/16/2026,18:00,16502.91,12269.54,10105.47,11912.35,50790.27
2026-01-16 18:00:00,01/16/2026,19:00,17353.62,12529.03,10228.8,11966.31,52077.76
2026-01-16 19:00:00,01/16/2026,20:00,17474.48,12508.82,10350.47,11747.94,52081.71
2026-01-16 20:00:00,01/16/2026,21:00,17584.84,12476.5,10368.59,11545.71,51975.63
2026-01-16 21:00:00,01/16/2026,22:00,17559.4,12394.92,10351.17,11334.59,51640.09
2026-01-16 22:00:00,01/16/2026,23:00,17354.13,11934.05,10381.22,11005.46,50674.86
2026-01-16 23:00:00,01/16/2026,24:00,17028.04,11625.39,10336.05,10689.87,49679.35
2026-01-17 00:00:00,01/17/2026,01:00,16664.1,11512.95,10281.9,10459.85,48918.8
2026-01-17 01:00:00,01/17/2026,02:00,16540.92,11404.35,10223.57,10295.41,48464.25
2026-01-17 02:00:00,01/17/2026,03:00,16608.81,11438.23,10146.94,10193.87,48387.85
2026-01-17 03:00:00,01/17/2026,04:00,16808.5,11565.85,10139.62,10192.81,48706.78
2026-01-17 04:00:00,01/17/2026,05:00,17251.9,11805.6,10142.51,10285.06,49485.08
2026-01-17 05:00:00,01/17/2026,06:00,17936.24,12290.72,10257.59,10495.43,50979.99
2026-01-17 06:00:00,01/17/2026,07:00,18779.22,12913.54,10450.07,10863.86,53006.69
2026-01-17 07:00:00,01/17/2026,08:00,19588.55,13608.68,10604.01,11227.82,55029.05
2026-01-17 08:00:00,01/17/2026,09:00,20100.29,13930.97,10451.43,11589.48,56072.17
2026-01-17 09:00:00,01/17/2026,10:00,20465.88,13811.29,10151.97,11795.19,56224.33
2026-01-17 10:00:00,01/17/2026,11:00,20547.64,13631.61,9955.9,11920.76,56055.9
2026-01-17 11:00:00,01/17/2026,12:00,20315.36,13098.29,9852.95,11810.11,55076.72
2026-01-17 12:00:00,01/17/2026,13:00,19768.31,12697.74,9777.0,11580.67,53823.73
2026-01-17 13:00:00,01/17/2026,14:00,19135.82,12466.96,9698.42,11467.48,52768.68
2026-01-17 14:00:00,01/17/2026,15:00,18793.81,12254.27,9656.33,11377.66,52082.07
2026-01-17 15:00:00,01/17/2026,16:00,19030.8,12386.69,9600.0,11376.29,52393.77
2026-01-17 16:00:00,01/17/2026,17:00,19309.55,12696.88,9764.94,11471.37,53242.73
2026-01-17 17:00:00,01/17/2026,18:00,19867.42,13242.16,10171.52,11809.94,55091.04
2026-01-17 18:00:00,01/17/2026,19:00,20687.12,14089.39,10553.49,12259.32,57589.32
2026-01-17 19:00:00,01/17/2026,20:00,21008.56,14342.21,10381.03,12307.41,58039.21
2026-01-17 20:00:00,01/17/2026,21:00,21248.16,14567.59,10277.74,12302.57,58396.06
2026-01-17 21:00:00,01/17/2026,22:00,21260.03,14630.55,10250.11,12287.7,58428.38
2026-01-17 22:00:00,01/17/2026,23:00,21070.37,14561.87,10152.06,12165.24,57949.54
2026-01-17 23:00:00,01/17/2026,24:00,20727.97,14405.25,10519.24,12000.52,57652.98
2026-01-18 00:00:00,01/18/2026,01:00,20673.16,14262.97,10528.88,11840.14,57305.15
2026-01-18 01:00:00,01/18/2026,02:00,20659.22,14288.99,10416.64,11807.89,57172.73
2026-01-18 02:00:00,01/18/2026,03:00,20867.11,14354.0,10492.4,11871.11,57584.63
2026-01-18 03:00:00,01/18/2026,04:00,21173.1,14537.96,10455.97,12003.41,58170.44
2026-01-18 04:00:00,01/18/2026,05:00,21576.44,14837.97,10389.03,12164.34,58967.78
2026-01-18 05:00:00,01/18/2026,06:00,22211.7,15308.5,10470.83,12425.46,60416.49
2026-01-18 06:00:00,01/18/2026,07:00,23087.1,15934.75,10434.53,12778.96,62235.35
2026-01-18 07:00:00,01/18/2026,08:00,23954.55,16404.47,10625.79,13113.64,64098.45
2026-01-18 08:00:00,01/18/2026,09:00,23868.23,16268.61,10607.24,13233.44,63977.52
2026-01-18 09:00:00,01/18/2026,10:00,22659.49,15530.22,10481.04,13114.12,61784.87
2026-01-18 10:00:00,01/18/2026,11:00,21122.01,14568.09,10289.05,12770.99,58750.13
2026-01-18 11:00:00,01/18/2026,12:00,19662.0,13580.8,10163.28,12450.44,55856.52
2026-01-18 12:00:00,01/18/2026,13:00,18220.94,12771.42,10033.05,12125.67,53151.08
2026-01-18 13:00:00,01/18/2026,14:00,17128.06,12170.09,9821.1,11801.39,50920.64
2026-01-18 14:00:00,01/18/2026,15:00,16256.61,11872.27,9736.66,11507.88,49373.43
2026-01-18 15:00:00,01/18/2026,16:00,15781.84,11808.97,9718.02,11338.18,48647.01
2026-01-18 16:00:00,01/18/2026,17:00,15733.46,11940.92,9628.88,11315.18,48618.43
2026-01-18 17:00:00,01/18/2026,18:00,16443.04,12241.08,9873.81,11550.44,50108.39
2026-01-18 18:00:00,01/18/2026,19:00,17449.11,12994.73,10022.13,12153.49,52619.46
2026-01-18 19:00:00,01/18/2026,20:00,17739.07,13479.79,9986.14,12320.06,53525.06
2026-01-18 20:00:00,01/18/2026,21:00,17859.19,13589.22,9950.87,12395.7,53794.98
2026-01-18 21:00:00,01/18/2026,22:00,17875.76,13683.28,9912.5,12390.13,53861.67
2026-01-18 22:00:00,01/18/2026,23:00,17538.54,13533.24,9827.72,12131.48,53030.98
2026-01-18 23:00:00,01/18/2026,24:00,17080.39,13257.21,9766.34,11827.69,51931.64
2026-01-19 00:00:00,01/19/2026,01:00,16891.29,13096.59,9713.11,11647.69,51348.69
2026-01-19 01:00:00,01/19/2026,02:00,16920.0,13069.82,9716.24,11585.1,51291.16
2026-01-19 02:00:00,01/19/2026,03:00,17086.34,13156.31,9740.71,11614.04,51597.4
2026-01-19 03:00:00,01/19/2026,04:00,17440.61,13409.92,9790.89,11748.66,52390.08
2026-01-19 04:00:00,01/19/2026,05:00,18145.06,13870.43,9871.81,12084.87,53972.17
2026-01-19 05:00:00,01/19/2026,06:00,19252.81,14693.16,9985.81,12632.73,56564.5
2026-01-19 06:00:00,01/19/2026,07:00,20600.96,15729.97,10118.25,13234.71,59683.89
2026-01-19 07:00:00,01/19/2026,08:00,21586.06,16494.19,10298.47,13622.14,62000.86
2026-01-19 08:00:00,01/19/2026,09:00,21299.68,16093.38,10330.86,13604.21,61328.13
2026-01-19 09:00:00,01/19/2026,10:00,20382.55,15103.46,10263.43,13279.02,59028.46
2026-01-19 10:00:00,01/19/2026,11:00,19494.39,14051.06,10308.9,12878.22,56732.57
2026-01-19 11:00:00,01/19/2026,12:00,18666.36,13089.9,10290.25,12485.47,54531.98
2026-01-19 12:00:00,01/19/2026,13:00,17953.68,12439.81,10139.86,12179.1,52712.45
2026-01-19 13:00:00,01/19/2026,14:00,17344.46,12093.28,9911.64,12070.57,51419.96
2026-01-19 14:00:00,01/19/2026,15:00,17038.41,11962.53,9885.26,11975.27,50861.46
2026-01-19 15:00:00,01/19/2026,16:00,17055.05,12030.43,9811.64,11951.96,50849.08
2026-01-19 16:00:00,01/19/2026,17:00,17310.58,12302.32,9821.82,11934.33,51369.06
2026-01-19 17:00:00,01/19/2026,18:00,18613.4,12881.19,9841.51,12067.94,53404.05
2026-01-19 18:00:00,01/19/2026,19:00,19957.81,13518.38,10131.49,12386.46,55994.14
2026-01-19 19:00:00,01/19/2026,20:00,20266.35,13603.44,10248.93,12342.97,56461.7
2026-01-19 20:00:00,01/19/2026,21:00,20444.47,13495.27,10071.15,12240.31,56251.2
2026-01-19 21:00:00,01/19/2026,22:00,20056.38,13086.48,9860.67,12003.78,55007.31
2026-01-19 22:00:00,01/19/2026,23:00,19456.8,12537.6,10062.4,11626.12,53682.93
2026-01-19 23:00:00,01/19/2026,24:00,18939.54,11956.12,10126.8,11225.17,52247.63
2026-01-20 00:00:00,01/20/2026,01:00,18619.06,11601.2,10024.1,10961.84,51206.19
2026-01-20 01:00:00,01/20/2026,02:00,18620.09,11417.24,10018.26,10840.43,50896.02
2026-01-20 02:00:00,01/20/2026,03:00,18853.29,11442.04,10022.36,10794.66,51112.35
2026-01-20 03:00:00,01/20/2026,04:00,19252.86,11454.87,10032.38,10824.32,51564.42
2026-01-20 04:00:00,01/20/2026,05:00,19972.22,11914.25,10055.73,11081.66,53023.85
2026-01-20 05:00:00,01/20/2026,06:00,21238.2,12687.82,10187.07,11652.39,55765.48
2026-01-20 06:00:00,01/20/2026,07:00,23045.02,13843.04,9930.29,12378.84,59197.19
2026-01-20 07:00:00,01/20/2026,08:00,23795.79,14450.48,9957.2,12641.08,60844.54
2026-01-20 08:00:00,01/20/2026,09:00,23045.99,14235.29,9368.88,12553.52,59203.67
2026-01-20 09:00:00,01/20/2026,10:00,22225.53,14145.73,10362.53,12399.91,59133.7
2026-01-20 10:00:00,01/20/2026,11:00,20815.37,13782.97,10349.28,11915.84,56863.46
2026-01-20 11:00:00,01/20/2026,12:00,19629.05,13451.27,10194.22,12031.53,55306.07
2026-01-20 12:00:00,01/20/2026,13:00,18799.17,13033.96,9907.3,11878.05,53618.48
2026-01-20 13:00:00,01/20/2026,14:00,18017.22,12871.55,9776.48,11943.66,52608.9
2026-01-20 14:00:00,01/20/2026,15:00,17534.92,12780.53,9715.33,11954.32,51985.1
2026-01-20 15:00:00,01/20/2026,16:00,17359.1,12767.03,9699.36,11926.02,51751.51
2026-01-20 16:00:00,01/20/2026,17:00,17840.39,12964.63,9683.9,12003.85,52492.78
2026-01-20 17:00:00,01/20/2026,18:00,18630.18,13290.73,9915.66,12228.61,54065.18
2026-01-20 18:00:00,01/20/2026,19:00,19402.67,13770.57,10160.02,12406.36,55739.61
2026-01-20 19:00:00,01/20/2026,20:00,19173.73,13762.39,10123.84,12311.05,55371.01
2026-01-20 20:00:00,01/20/2026,21:00,18952.39,13565.66,10101.23,12150.92,54770.2
2026-01-20 21:00:00,01/20/2026,22:00,18348.22,13155.6,10023.99,11851.12,53378.93
2026-01-20 22:00:00,01/20/2026,23:00,17278.68,12465.03,9936.64,11369.74,51050.08
2026-01-20 23:00:00,01/20/2026,24:00,16267.05,11718.76,9819.57,10888.5,48693.88
2026-01-21 00:00:00,01/21/2026,01:00,15474.04,11177.84,9747.89,10555.46,46955.23
2026-01-21 01:00:00,01/21/2026,02:00,14925.08,10802.87,9744.69,10351.96,45824.61
2026-01-21 02:00:00,01/21/2026,03:00,14695.76,10600.05,9777.06,10228.37,45301.24
2026-01-21 03:00:00,01/21/2026,04:00,14571.68,10561.16,9860.53,10206.51,45199.88
2026-01-21 04:00:00,01/21/2026,05:00,14836.4,10583.27,9946.97,10359.82,45726.45
2026-01-21 05:00:00,01/21/2026,06:00,15663.94,11029.6,10084.19,10796.51,47574.24
2026-01-21 06:00:00,01/21/2026,07:00,16933.58,11856.36,10236.31,11406.67,50432.93
2026-01-21 07:00:00,01/21/2026,08:00,17553.6,12298.47,10224.71,11732.38,51809.17
2026-01-21 08:00:00,01/21/2026,09:00,17562.9,12326.85,9965.76,11860.57,51716.08
2026-01-21 09:00:00,01/21/2026,10:00,17617.03,12471.48,9774.83,12027.72,51891.06
2026-01-21 10:00:00,01/21/2026,11:00,17530.92,12402.9,9747.38,12176.24,51857.44
2026-01-21 11:00:00,01/21/2026,12:00,17135.91,12354.56,9689.79,12225.98,51406.23
2026-01-21 12:00:00,01/21/2026,13:00,16472.53,12286.54,9611.47,12229.23,50599.78
2026-01-21 13:00:00,01/21/2026,14:00,15940.73,12170.75,9575.78,12252.75,49940.01
2026-01-21 14:00:00,01/21/2026,15:00,15625.87,12113.5,9538.05,12167.24,49444.65
2026-01-21 15:00:00,01/21/2026,16:00,15517.42,12064.32,9572.91,12180.88,49335.53
2026-01-21 16:00:00,01/21/2026,17:00,15651.26,12202.23,9689.37,12144.14,49686.99
2026-01-21 17:00:00,01/21/2026,18:00,16151.28,12442.96,9977.63,12214.6,50786.46
2026-01-21 18:00:00,01/21/2026,19:00,16974.41,12908.28,10059.12,12394.39,52336.2
2026-01-21 19:00:00,01/21/2026,20:00,17123.64,12959.33,10087.74,12297.25,52467.95
2026-01-21 20:00:00,01/21/2026,21:00,17031.39,12730.62,10234.52,12094.01,52090.55
2026-01-21 21:00:00,01/21/2026,22:00,16673.99,12459.15,10312.18,11786.27,51231.6
2026-01-21 22:00:00,01/21/2026,23:00,15997.5,11796.47,10165.29,11291.8,49251.05
2026-01-21 23:00:00,01/21/2026,24:00,15249.14,11238.89,10069.74,10791.48,47349.25
2026-01-22 00:00:00,01/22/2026,01:00,14747.02,10687.8,9881.97,10402.96,45719.75
2026-01-22 01:00:00,01/22/2026,02:00,14580.54,10494.37,9853.68,10118.16,45046.75
2026-01-22 02:00:00,01/22/2026,03:00,14627.46,10363.66,9807.96,9938.45,44737.52
2026-01-22 03:00:00,01/22/2026,04:00,14886.64,10323.85,9824.77,9889.09,44924.34
2026-01-22 04:00:00,01/22/2026,05:00,15480.56,10585.09,9956.89,10033.92,46056.45
2026-01-22 05:00:00,01/22/2026,06:00,16652.73,11102.44,10084.76,10448.17,48288.1
2026-01-22 06:00:00,01/22/2026,07:00,18376.4,12034.25,10179.18,11103.16,51692.99
2026-01-22 07:00:00,01/22/2026,08:00,19213.43,12547.09,10165.45,11446.26,53372.23
2026-01-22 08:00:00,01/22/2026,09:00,19033.83,12478.57,10051.44,11577.57,53141.42
2026-01-22 09:00:00,01/22/2026,10:00,18684.14,12441.05,9933.64,11714.64,52773.47
2026-01-22 10:00:00,01/22/2026,11:00,18336.63,12219.74,9955.86,11856.75,52368.98
2026-01-22 11:00:00,01/22/2026,12:00,17918.15,12021.55,9914.75,11934.09,51788.55
2026-01-22 12:00:00,01/22/2026,13:00,17494.95,11898.28,9874.67,11956.77,51224.67
2026-01-22 13:00:00,01/22/2026,14:00,17089.02,11924.84,9839.33,11953.02,50806.21
2026-01-22 14:00:00,01/22/2026,15:00,16777.84,11958.49,9831.89,11909.44,50477.67
2026-01-22 15:00:00,01/22/2026,16:00,16663.33,12150.88,9823.01,11871.82,50509.04
2026-01-22 16:00:00,01/22/2026,17:00,16982.79,12430.07,9737.06,11874.3,51024.22
2026-01-22 17:00:00,01/22/2026,18:00,17742.22,12676.74,9512.98,11976.67,51908.61
2026-01-22 18:00:00,01/22/2026,19:00,18580.26,13108.96,9539.36,12120.78,53349.35
2026-01-22 19:00:00,01/22/2026,20:00,18495.88,13172.76,9706.06,12016.92,53391.62
2026-01-22 20:00:00,01/22/2026,21:00,18313.25,12999.63,9876.33,11896.3,53085.5
2026-01-22 21:00:00,01/22/2026,22:00,17750.07,12574.12,9999.19,11657.16,51980.53
2026-01-22 22:00:00,01/22/2026,23:00,16859.19,11933.58,9904.17,11224.2,49921.15
2026-01-22 23:00:00,01/22/2026,24:00,15924.35,11360.57,9771.41,10752.58,47808.92
2026-01-23 00:00:00,01/23/2026,01:00,15112.02,10883.63,9596.73,10371.74,45964.12
2026-01-23 01:00:00,01/23/2026,02:00,14661.26,10506.38,9501.99,10093.0,44762.63
2026-01-23 02:00:00,01/23/2026,03:00,14422.43,10312.4,9489.26,9958.43,44182.51
2026-01-23 03:00:00,01/23/2026,04:00,14426.29,10089.58,9772.61,9956.08,44244.56
2026-01-23 04:00:00,01/23/2026,05:00,14736.14,10218.18,9867.26,10112.68,44934.26
2026-01-23 05:00:00,01/23/2026,06:00,15514.04,10727.68,9837.66,10517.24,46596.62
2026-01-23 06:00:00,01/23/2026,07:00,16830.72,11488.67,10099.93,11109.31,49528.63
2026-01-23 07:00:00,01/23/2026,08:00,17561.48,11855.88,10250.56,11450.74,51118.66
2026-01-23 08:00:00,01/23/2026,09:00,17936.2,12008.18,10186.77,11601.9,51733.04
2026-01-23 09:00:00,01/23/2026,10:00,18360.77,12267.42,10035.57,11810.65,52474.41
2026-01-23 10:00:00,01/23/2026,11:00,18742.41,12514.4,10044.32,11961.05,53262.17
2026-01-23 11:00:00,01/23/2026,12:00,19082.49,12787.59,9959.58,12038.92,53868.58
2026-01-23 12:00:00,01/23/2026,13:00,19318.53,12944.63,9947.06,12046.46,54256.69
2026-01-23 13:00:00,01/23/2026,14:00,19548.68,13112.6,9891.05,12086.27,54638.6
2026-01-23 14:00:00,01/23/2026,15:00,19804.91,13236.58,9782.34,12030.31,54854.15
2026-01-23 15:00:00,01/23/2026,16:00,20086.98,13180.35,9601.89,11981.02,54850.24
2026-01-23 16:00:00,01/23/2026,17:00,20806.83,13201.83,9575.09,11967.89,55551.65
2026-01-23 17:00:00,01/23/2026,18:00,21831.09,13285.82,9559.95,12091.57,56768.44
2026-01-23 18:00:00,01/23/2026,19:00,22539.74,13436.92,9841.3,12183.59,58001.54
2026-01-23 19:00:00,01/23/2026,20:00,22611.97,13281.9,9872.76,12028.68,57795.31
2026-01-23 20:00:00,01/23/2026,21:00,22585.78,13140.56,9894.28,11866.12,57486.74
2026-01-23 21:00:00,01/23/2026,22:00,22389.02,12869.86,9949.23,11710.14,56918.25
2026-01-23 22:00:00,01/23/2026,23:00,22013.04,12570.58,9967.11,11387.42,55938.15
2026-01-23 23:00:00,01/23/2026,24:00,21603.89,12165.28,9908.32,11036.41,54713.9
2026-01-24 00:00:00,01/24/2026,01:00,21326.18,11759.65,9837.23,10705.79,53628.84
2026-01-24 01:00:00,01/24/2026,02:00,21217.6,11522.29,9787.79,10409.54,52937.23
2026-01-24 02:00:00,01/24/2026,03:00,21243.45,11429.23,9685.41,10195.46,52553.55
2026-01-24 03:00:00,01/24/2026,04:00,21441.62,11659.71,9391.66,10085.55,52578.54
2026-01-24 04:00:00,01/24/2026,05:00,21796.09,11963.25,9206.5,10051.25,53017.08
2026-01-24 05:00:00,01/24/2026,06:00,22639.01,12568.81,9120.39,10179.68,54507.89
2026-01-24 06:00:00,01/24/2026,07:00,23752.21,13283.09,8823.94,10466.68,56325.92
2026-01-24 07:00:00,01/24/2026,08:00,24845.93,14068.36,8817.98,10765.04,58497.31
2026-01-24 08:00:00,01/24/2026,09:00,25669.71,14776.15,8628.35,11169.4,60243.61
2026-01-24 09:00:00,01/24/2026,10:00,25992.48,15462.0,8466.62,11577.25,61498.34
2026-01-24 10:00:00,01/24/2026,11:00,26481.28,16148.57,8459.72,12046.51,63136.08
2026-01-24 11:00:00,01/24/2026,12:00,26801.71,16589.43,8426.22,12466.35,64283.72
2026-01-24 12:00:00,01/24/2026,13:00,27085.93,16945.52,8436.43,12718.3,65186.18
2026-01-24 13:00:00,01/24/2026,14:00,27219.19,17061.48,8373.27,12927.85,65581.8
2026-01-24 14:00:00,01/24/2026,15:00,27183.1,17333.82,8412.42,13049.0,65978.34
2026-01-24 15:00:00,01/24/2026,16:00,27326.01,17606.86,8483.6,13198.29,66614.75
2026-01-24 16:00:00,01/24/2026,17:00,27719.75,17948.2,8462.56,13364.91,67495.42
2026-01-24 17:00:00,01/24/2026,18:00,28359.3,18426.85,8520.69,13646.08,68952.92
2026-01-24 18:00:00,01/24/2026,19:00,28821.3,18994.73,8628.19,14007.32,70451.53
2026-01-24 19:00:00,01/24/2026,20:00,28814.16,19116.28,8573.46,13992.15,70496.04
2026-01-24 20:00:00,01/24/2026,21:00,28771.29,19186.27,8484.9,13895.82,70338.29
2026-01-24 21:00:00,01/24/2026,22:00,28527.22,19156.36,8439.24,13757.26,69880.08
2026-01-24 22:00:00,01/24/2026,23:00,28126.83,18726.99,8289.66,13552.33,68695.81
2026-01-24 23:00:00,01/24/2026,24:00,27900.63,18032.31,8382.79,13335.11,67650.84
2026-01-25 00:00:00,01/25/2026,01:00,27744.47,17802.01,8266.5,13224.51,67037.48
2026-01-25 01:00:00,01/25/2026,02:00,27545.77,17576.31,8084.15,13096.59,66302.82
2026-01-25 02:00:00,01/25/2026,03:00,27587.12,17503.32,7975.45,13098.94,66164.82
2026-01-25 03:00:00,01/25/2026,04:00,27838.27,17768.94,7984.1,13154.51,66745.82
2026-01-25 04:00:00,01/25/2026,05:00,28215.14,18193.15,7939.27,13251.59,67599.14
2026-01-25 05:00:00,01/25/2026,06:00,28699.37,18576.79,7933.52,13444.77,68654.45
2026-01-25 06:00:00,01/25/2026,07:00,29209.99,19269.7,7993.53,13610.9,70084.12
2026-01-25 07:00:00,01/25/2026,08:00,29672.5,19841.65,7936.7,13869.22,71320.06
2026-01-25 08:00:00,01/25/2026,09:00,29781.12,20233.57,7879.44,14079.89,71974.02
2026-01-25 09:00:00,01/25/2026,10:00,29884.91,20622.61,7866.41,14541.7,72915.64
2026-01-25 10:00:00,01/25/2026,11:00,30067.73,20681.81,7897.83,14839.82,73487.19
2026-01-25 11:00:00,01/25/2026,12:00,29733.1,20293.54,7697.6,14995.03,72719.28
2026-01-25 12:00:00,01/25/2026,13:00,29216.99,19735.46,7666.09,15114.42,71732.96
2026-01-25 13:00:00,01/25/2026,14:00,28879.91,19316.88,7606.08,15075.13,70878.0
2026-01-25 14:00:00,01/25/2026,15:00,28611.06,19204.52,7467.02,15120.23,70402.82
2026-01-25 15:00:00,01/25/2026,16:00,28498.43,19000.2,7315.99,15222.21,70036.83
2026-01-25 16:00:00,01/25/2026,17:00,28627.18,19161.69,7215.84,15464.56,70469.28
2026-01-25 17:00:00,01/25/2026,18:00,29246.69,19804.23,7312.81,15935.92,72299.65
2026-01-25 18:00:00,01/25/2026,19:00,29855.15,20455.36,7558.67,16165.12,74034.31
2026-01-25 19:00:00,01/25/2026,20:00,29526.5,20628.9,7568.2,16190.07,73913.67
2026-01-25 20:00:00,01/25/2026,21:00,29169.68,20687.5,7583.93,16175.06,73616.17
2026-01-25 21:00:00,01/25/2026,22:00,28690.83,20609.86,7602.01,16064.26,72966.96
2026-01-25 22:00:00,01/25/2026,23:00,27914.39,20183.97,7559.96,15748.39,71406.72
2026-01-25 23:00:00,01/25/2026,24:00,27499.5,19876.1,7528.63,15449.97,70354.2
2026-01-26 00:00:00,01/26/2026,01:00,27395.91,19698.86,7522.61,15186.63,69804.01
2026-01-26 01:00:00,01/26/2026,02:00,27491.6,19688.05,7487.96,15044.52,69712.13
2026-01-26 02:00:00,01/26/2026,03:00,27659.54,19728.33,7461.99,14915.18,69765.05
2026-01-26 03:00:00,01/26/2026,04:00,27853.57,19898.94,7422.7,14879.8,70055.01
2026-01-26 04:00:00,01/26/2026,05:00,28141.42,20231.73,7428.68,14894.36,70696.19
2026-01-26 05:00:00,01/26/2026,06:00,28684.93,20819.78,7406.06,15139.55,72050.31
2026-01-26 06:00:00,01/26/2026,07:00,29252.22,21711.27,7461.11,15484.77,73909.37
2026-01-26 07:00:00,01/26/2026,08:00,29516.02,22369.07,7383.58,15841.89,75110.56
2026-01-26 08:00:00,01/26/2026,09:00,29928.66,22257.03,7308.41,16119.59,75613.68
2026-01-26 09:00:00,01/26/2026,10:00,29349.08,21571.61,7130.37,16352.37,74403.43
2026-01-26 10:00:00,01/26/2026,11:00,28191.24,20813.97,7141.11,16354.4,72500.72
2026-01-26 11:00:00,01/26/2026,12:00,26965.77,19744.73,7112.24,16018.16,69840.9
2026-01-26 12:00:00,01/26/2026,13:00,25706.34,18734.7,7158.21,15343.61,66942.86
2026-01-26 13:00:00,01/26/2026,14:00,24351.08,17712.0,7156.45,14754.87,63974.39
2026-01-26 14:00:00,01/26/2026,15:00,23397.9,16831.22,7165.53,14249.85,61644.49
2026-01-26 15:00:00,01/26/2026,16:00,22655.95,16285.0,7261.38,13953.88,60156.21
2026-01-26 16:00:00,01/26/2026,17:00,22653.27,16355.84,7321.81,13926.13,60257.05
2026-01-26 17:00:00,01/26/2026,18:00,23625.95,17059.07,6957.83,14375.05,62017.91
2026-01-26 18:00:00,01/26/2026,19:00,24822.33,18302.54,7084.66,15236.23,65445.76
2026-01-26 19:00:00,01/26/2026,20:00,25272.01,19048.79,7244.85,15521.79,67087.43
2026-01-26 20:00:00,01/26/2026,21:00,25411.1,19462.52,7291.13,15584.41,67749.16
2026-01-26 21:00:00,01/26/2026,22:00,25394.49,19530.11,7303.41,15469.49,67697.5
2026-01-26 22:00:00,01/26/2026,23:00,25069.15,19175.98,7246.62,15074.95,66566.69
2026-01-26 23:00:00,01/26/2026,24:00,24951.32,18913.07,7293.96,14747.9,65906.25
2026-01-27 00:00:00,01/27/2026,01:00,24922.3,18828.88,7398.72,14509.74,65659.64
2026-01-27 01:00:00,01/27/2026,02:00,25066.2,18892.8,7431.88,14429.27,65820.16
2026-01-27 02:00:00,01/27/2026,03:00,25129.18,19063.12,7409.09,14457.16,66058.54
2026-01-27 03:00:00,01/27/2026,04:00,25235.42,19395.17,7437.88,14571.94,66640.41
2026-01-27 04:00:00,01/27/2026,05:00,25663.01,19950.18,7456.78,14847.55,67917.51
2026-01-27 05:00:00,01/27/2026,06:00,26409.83,20664.4,7492.38,15400.22,69966.84
2026-01-27 06:00:00,01/27/2026,07:00,27202.9,21718.25,7564.38,16098.91,72584.44
2026-01-27 07:00:00,01/27/2026,08:00,28046.19,22301.46,7638.82,16331.23,74317.7
2026-01-27 08:00:00,01/27/2026,09:00,27952.67,21705.2,7566.79,15955.93,73180.59
2026-01-27 09:00:00,01/27/2026,10:00,26772.21,20172.87,7681.26,15346.1,69972.44
2026-01-27 10:00:00,01/27/2026,11:00,25661.94,18526.13,7718.77,14655.19,66562.02
2026-01-27 11:00:00,01/27/2026,12:00,24643.63,17080.32,7724.35,13957.28,63405.58
2026-01-27 12:00:00,01/27/2026,13:00,23792.28,16016.47,7775.54,13359.4,60943.69
2026-01-27 13:00:00,01/27/2026,14:00,22988.17,15146.34,7638.68,12914.7,58687.89
2026-01-27 14:00:00,01/27/2026,15:00,22365.28,14583.25,7525.35,12557.52,57031.39
2026-01-27 15:00:00,01/27/2026,16:00,22167.44,14335.5,7384.75,12368.45,56256.14
2026-01-27 16:00:00,01/27/2026,17:00,21959.95,14321.92,7495.29,12495.73,56272.9
2026-01-27 17:00:00,01/27/2026,18:00,22605.92,14828.89,7406.76,12836.55,57678.12
2026-01-27 18:00:00,01/27/2026,19:00,23169.1,15952.96,7342.07,13478.46,59942.59
2026-01-27 19:00:00,01/27/2026,20:00,23279.81,16363.87,7539.02,13713.36,60896.06
2026-01-27 20:00:00,01/27/2026,21:00,23356.41,16594.88,7631.5,13763.68,61346.48
2026-01-27 21:00:00,01/27/2026,22:00,23198.48,16507.7,7689.35,13622.96,61018.5
2026-01-27 22:00:00,01/27/2026,23:00,22674.43,16215.36,7698.08,13309.29,59897.17
2026-01-27 23:00:00,01/27/2026,24:00,22349.21,15890.02,7679.92,13033.47,58952.62
2026-01-28 00:00:00,01/28/2026,01:00,22208.37,15687.61,7623.11,12862.19,58381.28
2026-01-28 01:00:00,01/28/2026,02:00,22303.85,15692.27,7591.72,12778.1,58365.94
2026-01-28 02:00:00,01/28/2026,03:00,22449.14,15830.26,7624.7,12731.65,58635.75
2026-01-28 03:00:00,01/28/2026,04:00,22845.72,16278.85,7726.64,12867.18,59718.39
2026-01-28 04:00:00,01/28/2026,05:00,23480.83,16874.7,7769.72,13207.96,61333.21
2026-01-28 05:00:00,01/28/2026,06:00,24355.85,17596.28,7907.11,13849.88,63709.13
2026-01-28 06:00:00,01/28/2026,07:00,25313.28,18721.87,7860.64,14553.04,66448.83
2026-01-28 07:00:00,01/28/2026,08:00,26113.36,19144.91,7940.43,14738.91,67937.61
2026-01-28 08:00:00,01/28/2026,09:00,25841.52,18481.03,8040.67,14563.57,66926.79
2026-01-28 09:00:00,01/28/2026,10:00,24823.07,17013.14,8634.17,14101.46,64571.85
2026-01-28 10:00:00,01/28/2026,11:00,23216.09,15595.45,8708.17,13476.91,60996.62
2026-01-28 11:00:00,01/28/2026,12:00,21844.58,14371.64,8646.01,12857.76,57719.99
2026-01-28 12:00:00,01/28/2026,13:00,20564.31,13415.9,8736.86,12376.95,55094.02
2026-01-28 13:00:00,01/28/2026,14:00,19709.5,12748.39,8767.01,12093.81,53318.71
2026-01-28 14:00:00,01/28/2026,15:00,18843.92,12322.16,8844.93,11854.14,51865.16
2026-01-28 15:00:00,01/28/2026,16:00,18407.52,12207.27,8948.91,11694.11,51257.82
2026-01-28 16:00:00,01/28/2026,17:00,18352.41,12425.96,8977.72,11646.99,51403.08
2026-01-28 17:00:00,01/28/2026,18:00,19201.64,12845.78,8448.1,11735.97,52231.5
2026-01-28 18:00:00,01/28/2026,19:00,20712.88,13660.5,8450.57,12285.9,55109.84
2026-01-28 19:00:00,01/28/2026,20:00,21528.98,14193.44,8704.45,12516.53,56943.39
2026-01-28 20:00:00,01/28/2026,21:00,22030.81,14572.66,8883.04,12650.75,58137.26
2026-01-28 21:00:00,01/28/2026,22:00,22183.35,14681.57,9097.85,12652.98,58615.75
2026-01-28 22:00:00,01/28/2026,23:00,21785.51,14426.73,9336.14,12418.65,57967.03
2026-01-28 23:00:00,01/28/2026,24:00,21272.5,14144.27,9322.15,12179.7,56918.62
2026-01-29 00:00:00,01/29/2026,01:00,20937.84,13962.82,9289.34,12046.51,56236.51
2026-01-29 01:00:00,01/29/2026,02:00,20730.75,14058.81,9301.34,12028.96,56119.87
2026-01-29 02:00:00,01/29/2026,03:00,20643.47,14264.72,9298.73,12064.62,56271.55
2026-01-29 03:00:00,01/29/2026,04:00,20688.0,14502.19,9375.15,12223.4,56788.73
2026-01-29 04:00:00,01/29/2026,05:00,21172.69,15015.99,9475.15,12630.96,58294.79
2026-01-29 05:00:00,01/29/2026,06:00,22133.07,15884.14,9691.13,13303.06,61011.4
2026-01-29 06:00:00,01/29/2026,07:00,23398.21,17179.21,9905.87,14130.73,64614.02
2026-01-29 07:00:00,01/29/2026,08:00,23939.05,17592.1,9890.43,14432.25,65853.83
2026-01-29 08:00:00,01/29/2026,09:00,23336.56,16692.99,9818.53,14030.77,63878.85
2026-01-29 09:00:00,01/29/2026,10:00,22084.1,15377.3,9722.28,13221.92,60405.61
2026-01-29 10:00:00,01/29/2026,11:00,20764.06,14149.19,9486.42,12689.47,57089.14
2026-01-29 11:00:00,01/29/2026,12:00,19466.26,13024.24,9318.67,12215.75,54024.93
2026-01-29 12:00:00,01/29/2026,13:00,18381.72,12189.19,9242.37,11815.72,51628.99
2026-01-29 13:00:00,01/29/2026,14:00,17528.05,11746.99,9200.69,11652.4,50128.13
2026-01-29 14:00:00,01/29/2026,15:00,16959.19,11569.98,9187.61,11530.8,49247.57
2026-01-29 15:00:00,01/29/2026,16:00,16746.85,11563.23,9242.68,11473.18,49025.94
2026-01-29 16:00:00,01/29/2026,17:00,16999.15,11714.97,9281.93,11486.01,49482.07
2026-01-29 17:00:00,01/29/2026,18:00,17996.34,12305.68,9338.88,11600.55,51241.45
2026-01-29 18:00:00,01/29/2026,19:00,19670.16,12973.16,9459.63,11944.84,54047.79
2026-01-29 19:00:00,01/29/2026,20:00,20450.96,13244.05,9753.53,11982.02,55430.55
2026-01-29 20:00:00,01/29/2026,21:00,20997.77,13240.73,9656.53,11935.73,55830.76
2026-01-29 21:00:00,01/29/2026,22:00,21108.08,13019.76,9547.1,11786.72,55461.65
2026-01-29 22:00:00,01/29/2026,23:00,20756.41,12589.85,9545.53,11420.47,54312.25
2026-01-29 23:00:00,01/29/2026,24:00,20424.7,12156.95,9455.95,11017.56,53055.16
2026-01-30 00:00:00,01/30/2026,01:00,20262.37,11994.48,9264.61,10828.21,52349.67
2026-01-30 01:00:00,01/30/2026,02:00,20326.33,11996.04,8992.24,10858.37,52172.98
2026-01-30 02:00:00,01/30/2026,03:00,20439.62,12150.85,8836.67,10937.04,52364.18
2026-01-30 03:00:00,01/30/2026,04:00,20790.35,12402.96,8847.23,11167.4,53207.94
2026-01-30 04:00:00,01/30/2026,05:00,21603.93,12886.65,8966.16,11589.86,55046.6
2026-01-30 05:00:00,01/30/2026,06:00,22751.48,13668.25,9191.49,12318.89,57930.11
2026-01-30 06:00:00,01/30/2026,07:00,24450.41,14954.24,9442.78,13305.12,62152.55
2026-01-30 07:00:00,01/30/2026,08:00,25337.57,15689.85,9485.51,13776.62,64289.54
2026-01-30 08:00:00,01/30/2026,09:00,25076.08,15662.29,9583.07,14032.1,64353.53
2026-01-30 09:00:00,01/30/2026,10:00,24140.5,15586.44,9982.8,14070.74,63780.48
2026-01-30 10:00:00,01/30/2026,11:00,22720.03,15277.86,10035.05,13944.2,61977.14
2026-01-30 11:00:00,01/30/2026,12:00,21387.43,14826.91,9913.96,13755.21,59883.5
2026-01-30 12:00:00,01/30/2026,13:00,20233.55,14369.43,9784.95,13459.59,57847.52
2026-01-30 13:00:00,01/30/2026,14:00,19223.65,14114.16,9692.8,13286.54,56317.15
2026-01-30 14:00:00,01/30/2026,15:00,18563.63,13920.0,9555.65,13085.24,55124.53
2026-01-30 15:00:00,01/30/2026,16:00,18011.7,13666.45,9546.86,13035.69,54260.69
2026-01-30 16:00:00,01/30/2026,17:00,18175.09,13762.4,9585.35,13142.26,54665.1
2026-01-30 17:00:00,01/30/2026,18:00,19044.48,14027.01,9668.47,13362.68,56102.65
2026-01-30 18:00:00,01/30/2026,19:00,20350.78,14742.8,9178.88,13685.21,57957.67
2026-01-30 19:00:00,01/30/2026,20:00,20917.25,15163.67,9178.78,13641.55,58901.25
2026-01-30 20:00:00,01/30/2026,21:00,21385.33,15319.38,9379.44,13604.88,59689.02
2026-01-30 21:00:00,01/30/2026,22:00,21530.57,15406.21,9515.1,13540.31,59992.19
2026-01-30 22:00:00,01/30/2026,23:00,21511.56,15236.84,9539.51,13287.2,59575.11
2026-01-30 23:00:00,01/30/2026,24:00,21466.08,14998.08,9520.34,13050.27,59034.77
2026-01-31 00:00:00,01/31/2026,01:00,21625.46,14794.64,9701.92,12867.85,58989.87
2026-01-31 01:00:00,01/31/2026,02:00,21794.12,14730.47,9846.6,12756.23,59127.43
2026-01-31 02:00:00,01/31/2026,03:00,22126.06,14973.8,10159.98,12748.08,60007.91
2026-01-31 03:00:00,01/31/2026,04:00,22594.25,15174.93,10114.84,12840.84,60724.86
2026-01-31 04:00:00,01/31/2026,05:00,23275.73,15537.19,10109.91,13025.96,61948.79
2026-01-31 05:00:00,01/31/2026,06:00,24363.93,16109.88,10117.02,13393.25,63984.08
2026-01-31 06:00:00,01/31/2026,07:00,25717.45,16903.41,10050.59,13909.16,66580.61
2026-01-31 07:00:00,01/31/2026,08:00,26951.69,17690.7,10002.72,14327.67,68972.78
2026-01-31 08:00:00,01/31/2026,09:00,27339.97,17760.37,10189.79,14541.7,69831.83
2026-01-31 09:00:00,01/31/2026,10:00,26993.82,17256.4,10379.68,14571.72,69201.61
2026-01-31 10:00:00,01/31/2026,11:00,26144.75,16476.01,10313.99,14401.86,67336.61
2026-01-31 11:00:00,01/31/2026,12:00,25143.02,15591.9,10187.62,14113.11,65035.65
2026-01-31 12:00:00,01/31/2026,13:00,24057.77,14776.86,10087.16,13741.72,62663.51
2026-01-31 13:00:00,01/31/2026,14:00,22969.75,14000.28,10015.83,13374.95,60360.8
2026-01-31 14:00:00,01/31/2026,15:00,22047.57,13424.16,9833.0,13047.38,58352.12
2026-01-31 15:00:00,01/31/2026,16:00,21689.85,13277.17,9747.63,12894.17,57608.82
2026-01-31 16:00:00,01/31/2026,17:00,21811.31,13494.16,9756.22,12929.03,57990.72
2026-01-31 17:00:00,01/31/2026,18:00,22907.27,14135.55,9386.69,13284.1,59713.61
2026-01-31 18:00:00,01/31/2026,19:00,24115.56,15350.71,8819.9,14021.71,62307.88
2026-01-31 19:00:00,01/31/2026,20:00,24416.16,16122.66,8758.7,14333.62,63631.14
2026-01-31 20:00:00,01/31/2026,21:00,24620.6,16548.74,8648.36,14540.85,64358.55
2026-01-31 21:00:00,01/31/2026,22:00,24607.62,16814.94,8599.01,14617.51,64639.07
2026-01-31 22:00:00,01/31/2026,23:00,24504.45,16830.69,8781.21,14476.79,64593.14
2026-01-31 23:00:00,01/31/2026,24:00,24196.32,16782.18,8834.8,14318.2,64131.49
2026-02-01 00:00:00,02/01/2026,01:00,23712.51,16735.16,8787.34,14204.16,63439.18
2026-02-01 01:00:00,02/01/2026,02:00,23459.84,16715.58,8639.46,14130.71,62945.58
2026-02-01 02:00:00,02/01/2026,03:00,23467.96,16767.25,8673.61,14129.63,63038.45
2026-02-01 03:00:00,02/01/2026,04:00,23554.46,16885.26,8712.1,14114.33,63266.15
2026-02-01 04:00:00,02/01/2026,05:00,23871.47,17168.7,8798.23,14099.81,63938.2
2026-02-01 05:00:00,02/01/2026,06:00,24648.2,17639.75,8980.35,14419.84,65688.14
2026-02-01 06:00:00,02/01/2026,07:00,25575.16,18264.03,9273.59,14801.93,67914.71
2026-02-01 07:00:00,02/01/2026,08:00,26362.83,18810.55,9462.53,14942.43,69578.34
2026-02-01 08:00:00,02/01/2026,09:00,26122.53,18598.89,9814.15,14866.92,69402.5
2026-02-01 09:00:00,02/01/2026,10:00,24821.37,17743.14,10027.95,14579.86,67172.32
2026-02-01 10:00:00,02/01/2026,11:00,23340.05,16446.31,9933.14,14089.67,63809.17
2026-02-01 11:00:00,02/01/2026,12:00,21802.18,15243.17,9832.2,13551.66,60429.21
2026-02-01 12:00:00,02/01/2026,13:00,20428.9,14326.54,9693.21,12997.97,57446.62
2026-02-01 13:00:00,02/01/2026,14:00,19210.08,13582.48,9559.62,12555.98,54908.15
2026-02-01 14:00:00,02/01/2026,15:00,18257.63,12873.16,9459.47,12220.02,52810.28
2026-02-01 15:00:00,02/01/2026,16:00,17678.16,12535.67,9404.98,12076.02,51694.84
2026-02-01 16:00:00,02/01/2026,17:00,17530.67,12616.46,9425.14,12062.57,51634.84
2026-02-01 17:00:00,02/01/2026,18:00,18262.58,13220.21,9417.81,12350.11,53250.71
2026-02-01 18:00:00,02/01/2026,19:00,19762.7,14131.83,9440.51,13046.82,56381.86
2026-02-01 19:00:00,02/01/2026,20:00,20513.21,14641.85,9620.91,13390.85,58166.82
2026-02-01 20:00:00,02/01/2026,21:00,20907.98,14898.05,9662.83,13558.13,59027.0
2026-02-01 21:00:00,02/01/2026,22:00,20847.98,14919.95,9781.57,13504.7,59054.2
2026-02-01 22:00:00,02/01/2026,23:00,20270.63,14574.78,9700.3,13179.84,57725.54
2026-02-01 23:00:00,02/01/2026,24:00,19637.54,14128.29,9627.07,12821.29,56214.19
2026-02-02 00:00:00,02/02/2026,01:00,19197.37,13873.12,9548.29,12576.21,55194.99
2026-02-02 01:00:00,02/02/2026,02:00,18997.43,13645.92,9520.43,12505.07,54668.85
2026-02-02 02:00:00,02/02/2026,03:00,19120.66,13881.44,9546.26,12536.36,55084.73
2026-02-02 03:00:00,02/02/2026,04:00,19329.86,14114.96,9617.97,12673.36,55736.16
2026-02-02 04:00:00,02/02/2026,05:00,19928.14,14520.8,9714.9,12964.04,57127.89
2026-02-02 05:00:00,02/02/2026,06:00,21173.07,15388.33,9863.85,13553.46,59978.72
2026-02-02 06:00:00,02/02/2026,07:00,22865.05,16678.18,10091.98,14286.85,63922.06
2026-02-02 07:00:00,02/02/2026,08:00,23430.92,16994.61,10177.77,14401.7,65004.99
2026-02-02 08:00:00,02/02/2026,09:00,22440.52,16168.67,10047.54,13979.95,62636.68
2026-02-02 09:00:00,02/02/2026,10:00,20920.14,15120.69,9916.09,13372.99,59329.91
2026-02-02 10:00:00,02/02/2026,11:00,19718.05,14107.15,9757.3,12843.37,56425.86
2026-02-02 11:00:00,02/02/2026,12:00,18438.56,13478.65,9589.51,12423.92,53930.64
2026-02-02 12:00:00,02/02/2026,13:00,17428.66,12982.97,9376.51,12158.34,51946.47
2026-02-02 13:00:00,02/02/2026,14:00,16812.09,12707.17,9260.62,12001.19,50781.07
2026-02-02 14:00:00,02/02/2026,15:00,16351.69,12512.06,9244.07,11885.52,49993.35
2026-02-02 15:00:00,02/02/2026,16:00,16180.26,12451.62,9214.55,11811.05,49657.48
2026-02-02 16:00:00,02/02/2026,17:00,16376.93,12715.12,9251.64,11809.82,50153.51
2026-02-02 17:00:00,02/02/2026,18:00,16883.87,13065.16,9221.48,11947.9,51118.4
2026-02-02 18:00:00,02/02/2026,19:00,17703.48,13542.19,9444.08,12228.18,52917.93
2026-02-02 19:00:00,02/02/2026,20:00,17864.49,13710.71,9503.44,12211.68,53290.32
2026-02-02 20:00:00,02/02/2026,21:00,17694.67,13483.46,9473.49,12011.84,52663.46
2026-02-02 21:00:00,02/02/2026,22:00,17231.57,13045.91,9473.18,11761.58,51512.22
2026-02-02 22:00:00,02/02/2026,23:00,16293.85,12469.76,9396.44,11300.02,49460.07
2026-02-02 23:00:00,02/02/2026,24:00,15380.84,11738.12,9327.49,10832.51,47278.96
2026-02-03 00:00:00,02/03/2026,01:00,14713.37,11129.8,9350.7,10466.17,45660.03
2026-02-03 01:00:00,02/03/2026,02:00,14204.25,10749.45,9379.72,10244.56,44577.99
2026-02-03 02:00:00,02/03/2026,03:00,13899.87,10607.4,9396.03,10093.06,43996.36
2026-02-03 03:00:00,02/03/2026,04:00,13849.65,10536.97,9411.33,10080.77,43878.72
2026-02-03 04:00:00,02/03/2026,05:00,14029.58,10649.75,9447.8,10209.67,44336.8
2026-02-03 05:00:00,02/03/2026,06:00,15036.78,11247.91,9473.64,10633.72,46392.05
2026-02-03 06:00:00,02/03/2026,07:00,16527.81,12164.28,9673.35,11262.91,49628.35
2026-02-03 07:00:00,02/03/2026,08:00,17037.88,12586.33,9773.47,11533.68,50931.37
2026-02-03 08:00:00,02/03/2026,09:00,17129.88,12460.42,9602.63,11607.3,50800.23
2026-02-03 09:00:00,02/03/2026,10:00,17070.24,12494.41,9446.35,11728.01,50739.0
2026-02-03 10:00:00,02/03/2026,11:00,16901.37,12393.33,9393.08,11824.16,50511.94
2026-02-03 11:00:00,02/03/2026,12:00,16716.06,12267.77,9305.68,11922.81,50212.32
2026-02-03 12:00:00,02/03/2026,13:00,16341.34,12271.33,9244.53,11978.9,49836.09
2026-02-03 13:00:00,02/03/2026,14:00,15936.51,12226.13,9248.59,12019.97,49431.19
2026-02-03 14:00:00,02/03/2026,15:00,15573.96,12167.08,9284.5,12010.64,49036.17
2026-02-03 15:00:00,02/03/2026,16:00,15241.4,12194.94,9329.32,12008.54,48774.2
2026-02-03 16:00:00,02/03/2026,17:00,15389.84,12379.89,9441.78,12008.22,49219.73
2026-02-03 17:00:00,02/03/2026,18:00,15841.23,12591.59,9496.4,11998.86,49928.08
2026-02-03 18:00:00,02/03/2026,19:00,16634.34,13061.15,9559.24,12187.43,51442.17
2026-02-03 19:00:00,02/03/2026,20:00,16968.02,13193.07,9656.07,12112.43,51929.59
2026-02-03 20:00:00,02/03/2026,21:00,16942.08,12973.21,9811.02,11946.97,51673.28
2026-02-03 21:00:00,02/03/2026,22:00,16681.09,12592.54,9642.75,11654.13,50570.51
2026-02-03 22:00:00,02/03/2026,23:00,15931.2,12004.99,9485.59,11187.21,48608.99
2026-02-03 23:00:00,02/03/2026,24:00,15391.29,11218.42,9414.23,10732.47,46756.41
2026-02-04 00:00:00,02/04/2026,01:00,14927.51,10626.3,9416.47,10317.71,45287.99
2026-02-04 01:00:00,02/04/2026,02:00,14846.58,10409.28,9453.51,10085.31,44794.68
2026-02-04 02:00:00,02/04/2026,03:00,14939.12,10393.19,9423.91,9898.98,44655.21
2026-02-04 03:00:00,02/04/2026,04:00,15218.32,10496.43,9460.91,9908.49,45084.14
2026-02-04 04:00:00,02/04/2026,05:00,15922.09,10866.72,9611.31,10139.05,46539.17
2026-02-04 05:00:00,02/04/2026,06:00,17265.34,11666.92,9904.21,10729.56,49566.03
2026-02-04 06:00:00,02/04/2026,07:00,19117.6,12840.5,10258.87,11516.0,53732.97
2026-02-04 07:00:00,02/04/2026,08:00,20062.48,13451.11,10338.16,11934.19,55785.93
2026-02-04 08:00:00,02/04/2026,09:00,19594.91,13134.28,10158.81,12011.02,54899.02
2026-02-04 09:00:00,02/04/2026,10:00,19017.67,12651.93,9885.0,11979.42,53534.02
2026-02-04 10:00:00,02/04/2026,11:00,18537.24,12304.37,9610.28,12014.03,52465.92
2026-02-04 11:00:00,02/04/2026,12:00,18021.79,11985.15,9494.63,11909.34,51410.91
2026-02-04 12:00:00,02/04/2026,13:00,17534.97,11692.3,9409.41,11779.46,50416.15
2026-02-04 13:00:00,02/04/2026,14:00,16932.69,11552.14,9342.24,11741.99,49569.06
2026-02-04 14:00:00,02/04/2026,15:00,16445.33,11536.09,9235.64,11758.38,48975.44
2026-02-04 15:00:00,02/04/2026,16:00,16201.33,11632.57,9261.13,11787.72,48882.76
2026-02-04 16:00:00,02/04/2026,17:00,16466.72,11935.24,9240.28,11790.2,49432.45
2026-02-04 17:00:00,02/04/2026,18:00,17273.36,12394.05,9226.53,11882.85,50776.79
2026-02-04 18:00:00,02/04/2026,19:00,18397.16,13031.6,9456.39,12217.56,53102.71
2026-02-04 19:00:00,02/04/2026,20:00,18938.98,13319.28,9653.79,12195.45,54107.5
2026-02-04 20:00:00,02/04/2026,21:00,19148.33,13212.56,9826.11,12156.82,54343.82
2026-02-04 21:00:00,02/04/2026,22:00,18962.82,12988.33,9906.91,11992.91,53850.97
2026-02-04 22:00:00,02/04/2026,23:00,18255.53,12538.36,9655.45,11580.12,52029.46
2026-02-04 23:00:00,02/04/2026,24:00,17666.2,12029.04,9541.2,11183.98,50420.42
2026-02-05 00:00:00,02/05/2026,01:00,17373.67,11783.89,9560.15,10923.26,49640.97
2026-02-05 01:00:00,02/05/2026,02:00,17226.3,11720.77,9841.13,10846.1,49634.3
2026-02-05 02:00:00,02/05/2026,03:00,17395.6,11723.69,10037.47,10838.76,49995.51
2026-02-05 03:00:00,02/05/2026,04:00,17811.75,11969.06,10099.72,10970.33,50850.86
2026-02-05 04:00:00,02/05/2026,05:00,18502.19,12455.68,10110.58,11317.93,52386.38
2026-02-05 05:00:00,02/05/2026,06:00,19884.0,13310.98,10131.1,12026.77,55352.85
2026-02-05 06:00:00,02/05/2026,07:00,21716.8,14751.28,10313.61,12954.51,59736.2
2026-02-05 07:00:00,02/05/2026,08:00,22383.59,15406.3,10441.93,13340.4,61572.23
2026-02-05 08:00:00,02/05/2026,09:00,21218.2,14774.11,10132.24,13162.95,59287.49
2026-02-05 09:00:00,02/05/2026,10:00,19719.62,13894.42,9895.94,12905.16,56415.14
2026-02-05 10:00:00,02/05/2026,11:00,18418.64,12930.21,9833.18,12563.61,53745.64
2026-02-05 11:00:00,02/05/2026,12:00,17251.7,12264.81,9703.73,12243.77,51464.01
2026-02-05 12:00:00,02/05/2026,13:00,16352.65,11849.53,9609.75,11957.27,49769.22
2026-02-05 13:00:00,02/05/2026,14:00,15733.74,11608.16,9502.44,11834.73,48679.07
2026-02-05 14:00:00,02/05/2026,15:00,15513.08,11537.12,9474.25,11728.29,48252.74
2026-02-05 15:00:00,02/05/2026,16:00,15253.44,11549.46,9504.88,11710.37,48018.15
2026-02-05 16:00:00,02/05/2026,17:00,15303.51,11742.59,9576.75,11642.75,48265.6
2026-02-05 17:00:00,02/05/2026,18:00,15751.66,12177.69,9528.06,11678.59,49136.0
2026-02-05 18:00:00,02/05/2026,19:00,16605.23,12748.94,9591.64,12005.8,50951.61
2026-02-05 19:00:00,02/05/2026,20:00,17006.46,13020.65,9591.19,12114.32,51732.62
2026-02-05 20:00:00,02/05/2026,21:00,17022.29,13059.51,9614.61,12096.61,51793.03
2026-02-05 21:00:00,02/05/2026,22:00,16675.19,12845.17,9608.22,11960.58,51089.16
2026-02-05 22:00:00,02/05/2026,23:00,16046.57,12441.76,9479.84,11617.9,49586.08
2026-02-05 23:00:00,02/05/2026,24:00,15332.86,11989.14,9210.8,11257.84,47790.64
2026-02-06 00:00:00,02/06/2026,01:00,14857.25,11755.32,8796.98,11006.34,46415.88
2026-02-06 01:00:00,02/06/2026,02:00,14597.3,11637.28,8666.63,10856.48,45757.69
2026-02-06 02:00:00,02/06/2026,03:00,14565.23,11584.45,8888.23,10795.18,45833.09
2026-02-06 03:00:00,02/06/2026,04:00,14742.26,11777.66,8962.67,10830.9,46313.5
2026-02-06 04:00:00,02/06/2026,05:00,15220.26,12064.98,9045.88,11101.48,47432.6
2026-02-06 05:00:00,02/06/2026,06:00,16425.9,12862.18,9020.73,11681.25,49990.07
2026-02-06 06:00:00,02/06/2026,07:00,17959.21,14092.04,9210.91,12428.47,53690.64
2026-02-06 07:00:00,02/06/2026,08:00,18614.25,14633.4,9178.79,12673.74,55100.18
2026-02-06 08:00:00,02/06/2026,09:00,18160.12,13968.98,9684.65,12509.27,54323.02
2026-02-06 09:00:00,02/06/2026,10:00,17292.78,13269.03,9863.0,12213.01,52637.82
2026-02-06 10:00:00,02/06/2026,11:00,16437.79,12497.9,9776.59,12064.33,50776.62
2026-02-06 11:00:00,02/06/2026,12:00,15804.05,11972.79,9721.28,11970.33,49468.45
2026-02-06 12:00:00,02/06/2026,13:00,15463.91,11622.58,9645.92,11838.76,48571.17
2026-02-06 13:00:00,02/06/2026,14:00,15413.84,11645.43,9659.15,11874.31,48592.74
2026-02-06 14:00:00,02/06/2026,15:00,15454.76,11839.47,9659.94,11905.4,48859.58
2026-02-06 15:00:00,02/06/2026,16:00,15579.58,12121.6,9708.9,12022.28,49432.36
2026-02-06 16:00:00,02/06/2026,17:00,15761.84,12463.22,9761.31,12115.86,50102.23
2026-02-06 17:00:00,02/06/2026,18:00,16042.54,12705.31,9586.17,12006.35,50340.36
2026-02-06 18:00:00,02/06/2026,19:00,16294.59,12793.4,9332.95,11931.51,50352.45
2026-02-06 19:00:00,02/06/2026,20:00,15980.61,12597.83,9345.5,11694.52,49618.46
2026-02-06 20:00:00,02/06/2026,21:00,15557.05,12275.23,9337.61,11506.5,48676.39
2026-02-06 21:00:00,02/06/2026,22:00,15123.78,11968.91,9243.88,11305.4,47641.96
2026-02-06 22:00:00,02/06/2026,23:00,14509.0,11546.17,9222.27,10978.3,46255.74
2026-02-06 23:00:00,02/06/2026,24:00,13793.21,11123.97,9148.73,10617.13,44683.05
2026-02-07 00:00:00,02/07/2026,01:00,13220.48,10738.13,9066.77,10317.57,43342.95
2026-02-07 01:00:00,02/07/2026,02:00,12846.66,10466.07,9115.53,10114.49,42542.76
2026-02-07 02:00:00,02/07/2026,03:00,12716.41,10264.27,9170.77,9978.2,42129.65
2026-02-07 03:00:00,02/07/2026,04:00,12788.51,10378.67,9213.94,9949.28,42330.4
2026-02-07 04:00:00,02/07/2026,05:00,13132.36,10552.24,9337.66,10019.81,43042.08
2026-02-07 05:00:00,02/07/2026,06:00,13912.9,10941.14,9415.13,10238.89,44508.06
2026-02-07 06:00:00,02/07/2026,07:00,14823.32,11533.29,9508.26,10577.39,46442.26
2026-02-07 07:00:00,02/07/2026,08:00,15443.4,12058.43,9580.76,10844.89,47927.48
2026-02-07 08:00:00,02/07/2026,09:00,15839.74,12195.32,9829.48,11105.97,48970.5
2026-02-07 09:00:00,02/07/2026,10:00,15713.38,11923.98,9762.4,11245.75,48645.51
2026-02-07 10:00:00,02/07/2026,11:00,15326.1,11630.1,9631.46,11296.43,47884.09
2026-02-07 11:00:00,02/07/2026,12:00,14964.94,11453.08,9452.79,11306.62,47177.43
2026-02-07 12:00:00,02/07/2026,13:00,14633.53,11554.97,9287.91,11327.65,46804.06
2026-02-07 13:00:00,02/07/2026,14:00,14506.04,11696.85,9311.12,11414.88,46928.89
2026-02-07 14:00:00,02/07/2026,15:00,14544.19,11942.45,9389.01,11531.45,47407.09
2026-02-07 15:00:00,02/07/2026,16:00,14719.44,12314.4,9427.98,11609.36,48071.18
2026-02-07 16:00:00,02/07/2026,17:00,14914.73,12609.51,9409.56,11610.28,48544.08
2026-02-07 17:00:00,02/07/2026,18:00,15026.94,12757.59,9369.26,11457.87,48611.67
2026-02-07 18:00:00,02/07/2026,19:00,15385.46,12679.19,9354.95,11505.73,48925.34
2026-02-07 19:00:00,02/07/2026,20:00,15344.22,12616.05,9448.89,11385.24,48794.4
2026-02-07 20:00:00,02/07/2026,21:00,15150.88,12353.07,9416.88,11235.82,48156.65
2026-02-07 21:00:00,02/07/2026,22:00,14873.81,12015.87,9401.8,11077.46,47368.93
2026-02-07 22:00:00,02/07/2026,23:00,14319.9,11617.91,9369.26,10817.5,46124.56
2026-02-07 23:00:00,02/07/2026,24:00,13736.74,11076.11,9387.03,10519.3,44719.18
2026-02-08 00:00:00,02/08/2026,01:00,13171.77,10557.65,9393.49,10240.88,43363.79
2026-02-08 01:00:00,02/08/2026,02:00,12734.85,10192.76,9476.17,10046.92,42450.7
2026-02-08 02:00:00,02/08/2026,03:00,12536.34,9943.62,9450.62,9923.76,41854.35
2026-02-08 03:00:00,02/08/2026,04:00,12396.68,9703.57,9417.69,9845.18,41363.12
2026-02-08 04:00:00,02/08/2026,05:00,12497.26,9835.98,9509.24,9849.47,41691.95
2026-02-08 05:00:00,02/08/2026,06:00,12778.61,10033.35,9461.15,9928.29,42201.4
2026-02-08 06:00:00,02/08/2026,07:00,13210.58,10393.1,9458.98,10128.14,43190.81
2026-02-08 07:00:00,02/08/2026,08:00,13821.78,10814.81,9488.28,10297.34,44422.22
2026-02-08 08:00:00,02/08/2026,09:00,14463.61,11085.64,9549.27,10611.62,45710.14
2026-02-08 09:00:00,02/08/2026,10:00,14923.84,11436.99,9537.06,10863.44,46761.33
2026-02-08 10:00:00,02/08/2026,11:00,15040.06,11287.84,9529.56,11005.75,46863.21
2026-02-08 11:00:00,02/08/2026,12:00,14974.26,11278.93,9416.44,11092.85,46762.49
2026-02-08 12:00:00,02/08/2026,13:00,14898.3,11513.83,9458.73,11177.28,47048.14
2026-02-08 13:00:00,02/08/2026,14:00,14928.93,11824.69,9465.89,11312.66,47532.17
2026-02-08 14:00:00,02/08/2026,15:00,14960.15,12165.54,9510.18,11533.61,48169.49
2026-02-08 15:00:00,02/08/2026,16:00,15077.71,12534.26,9537.0,11740.43,48889.4
2026-02-08 16:00:00,02/08/2026,17:00,15445.25,12937.34,9609.68,11910.84,49903.1
2026-02-08 17:00:00,02/08/2026,18:00,15593.04,13056.26,9632.98,11899.13,50181.42
2026-02-08 18:00:00,02/08/2026,19:00,15797.37,12852.05,9510.51,11885.69,50045.62
2026-02-08 19:00:00,02/08/2026,20:00,15579.8,12596.33,9288.19,11710.76,49175.08
2026-02-08 20:00:00,02/08/2026,21:00,15303.68,12385.59,8711.53,11600.44,48001.23
2026-02-08 21:00:00,02/08/2026,22:00,15099.66,12058.07,8651.74,11413.89,47223.36
2026-02-08 22:00:00,02/08/2026,23:00,14511.92,11636.99,8763.25,11114.55,46026.7
2026-02-08 23:00:00,02/08/2026,24:00,13510.37,10896.37,8731.3,10594.75,43732.78
2026-02-09 00:00:00,02/09/2026,01:00,12733.46,10311.24,8752.3,10201.19,41998.18
2026-02-09 01:00:00,02/09/2026,02:00,12271.35,9893.82,8690.68,9916.63,40772.48
2026-02-09 02:00:00,02/09/2026,03:00,12047.61,9651.97,8688.64,9746.83,40135.05
2026-02-09 03:00:00,02/09/2026,04:00,12078.48,9613.42,8736.08,9721.71,40149.68
2026-02-09 04:00:00,02/09/2026,05:00,12359.98,9783.16,8768.07,9924.87,40836.09
2026-02-09 05:00:00,02/09/2026,06:00,13282.12,10226.12,8875.23,10353.13,42736.6
2026-02-09 06:00:00,02/09/2026,07:00,14827.17,11095.94,9106.27,11006.39,46035.77
2026-02-09 07:00:00,02/09/2026,08:00,15657.89,11560.49,9235.21,11319.33,47772.93
2026-02-09 08:00:00,02/09/2026,09:00,15611.38,11528.31,9379.44,11485.41,48004.55
2026-02-09 09:00:00,02/09/2026,10:00,15503.35,11550.4,9561.65,11750.4,48365.79
2026-02-09 10:00:00,02/09/2026,11:00,15377.57,11683.44,9784.89,12049.97,48895.86
2026-02-09 11:00:00,02/09/2026,12:00,15334.28,11844.04,9540.28,12288.19,49006.8
2026-02-09 12:00:00,02/09/2026,13:00,15558.47,12149.52,9499.79,12477.55,49685.33
2026-02-09 13:00:00,02/09/2026,14:00,15819.3,12637.41,9549.09,12808.12,50813.93
2026-02-09 14:00:00,02/09/2026,15:00,16045.88,13129.24,9581.76,13072.15,51829.04
2026-02-09 15:00:00,02/09/2026,16:00,16127.78,13541.15,9504.18,13241.53,52414.65
2026-02-09 16:00:00,02/09/2026,17:00,16630.12,13947.56,9629.87,13244.56,53452.11
2026-02-09 17:00:00,02/09/2026,18:00,16833.77,14097.89,9462.14,13013.71,53407.5
2026-02-09 18:00:00,02/09/2026,19:00,17238.03,13881.49,9289.89,12887.64,53297.05
2026-02-09 19:00:00,02/09/2026,20:00,17153.17,13832.08,8992.56,12725.67,52703.48
2026-02-09 20:00:00,02/09/2026,21:00,16751.91,13464.99,9024.04,12479.77,51720.71
2026-02-09 21:00:00,02/09/2026,22:00,16162.59,12955.67,9343.2,12152.69,50614.15
2026-02-09 22:00:00,02/09/2026,23:00,15196.72,12186.38,9498.09,11571.28,48452.47
2026-02-09 23:00:00,02/09/2026,24:00,14202.26,11377.57,9220.12,10990.31,45790.26
2026-02-10 00:00:00,02/10/2026,01:00,13340.1,10762.53,9123.82,10495.73,43722.19
2026-02-10 01:00:00,02/10/2026,02:00,12786.96,10344.39,9095.06,10152.16,42378.56
2026-02-10 02:00:00,02/10/2026,03:00,12420.8,10114.44,9073.28,9961.58,41570.1
2026-02-10 03:00:00,02/10/2026,04:00,12343.1,10013.32,9124.23,9904.14,41384.79
2026-02-10 04:00:00,02/10/2026,05:00,12450.42,10130.35,9261.91,10030.35,41873.03
2026-02-10 05:00:00,02/10/2026,06:00,13154.25,10494.27,9400.6,10408.33,43457.45
2026-02-10 06:00:00,02/10/2026,07:00,14491.82,11424.52,9550.2,11041.59,46508.14
2026-02-10 07:00:00,02/10/2026,08:00,15075.0,11890.85,9636.05,11272.01,47873.91
2026-02-10 08:00:00,02/10/2026,09:00,15220.44,11963.24,9629.31,11515.27,48328.27
2026-02-10 09:00:00,02/10/2026,10:00,15349.84,12069.08,9431.54,11771.47,48621.93
2026-02-10 10:00:00,02/10/2026,11:00,15599.29,12184.18,9223.78,12075.77,49083.02
2026-02-10 11:00:00,02/10/2026,12:00,15646.34,12397.07,9272.66,12311.76,49627.83
2026-02-10 12:00:00,02/10/2026,13:00,15665.23,12477.72,9257.25,12474.16,49874.36
2026-02-10 13:00:00,02/10/2026,14:00,15637.75,12596.17,9121.0,12711.77,50066.69
2026-02-10 14:00:00,02/10/2026,15:00,15580.21,12522.13,9215.07,12801.13,50118.53
2026-02-10 15:00:00,02/10/2026,16:00,15566.43,12567.8,9397.1,12673.06,50204.39
2026-02-10 16:00:00,02/10/2026,17:00,15685.52,12788.15,9455.79,12559.36,50488.82
2026-02-10 17:00:00,02/10/2026,18:00,16036.04,13058.78,9668.28,12524.27,51287.38
2026-02-10 18:00:00,02/10/2026,19:00,16518.25,13406.42,9706.95,12642.86,52274.49
2026-02-10 19:00:00,02/10/2026,20:00,16473.15,13413.58,9713.87,12550.32,52150.91
2026-02-10 20:00:00,02/10/2026,21:00,16151.77,13163.55,9634.93,12363.32,51313.56
2026-02-10 21:00:00,02/10/2026,22:00,15572.89,12721.33,9620.23,12069.69,49984.14
2026-02-10 22:00:00,02/10/2026,23:00,14635.3,11934.27,9538.56,11536.5,47644.62
2026-02-10 23:00:00,02/10/2026,24:00,13764.76,11184.99,9504.39,11025.35,45479.49
2026-02-11 00:00:00,02/11/2026,01:00,13047.92,10633.87,9496.62,10570.43,43748.85
2026-02-11 01:00:00,02/11/2026,02:00,12723.2,10286.02,9339.31,10261.81,42610.34
2026-02-11 02:00:00,02/11/2026,03:00,12570.52,10077.17,9225.12,10044.72,41917.53
2026-02-11 03:00:00,02/11/2026,04:00,12592.95,9894.68,9280.66,9994.68,41762.97
2026-02-11 04:00:00,02/11/2026,05:00,13016.82,10095.14,9510.49,10118.17,42740.63
2026-02-11 05:00:00,02/11/2026,06:00,13967.27,10573.58,9598.42,10500.15,44639.42
2026-02-11 06:00:00,02/11/2026,07:00,15605.6,11354.1,9858.77,11128.4,47946.87
2026-02-11 07:00:00,02/11/2026,08:00,16406.62,11711.86,10041.79,11374.03,49534.3
2026-02-11 08:00:00,02/11/2026,09:00,16346.52,11777.3,10033.41,11639.71,49796.94
2026-02-11 09:00:00,02/11/2026,10:00,16076.78,11777.36,9941.57,11942.4,49738.1
2026-02-11 10:00:00,02/11/2026,11:00,15675.8,11734.21,9788.31,12140.29,49338.6
2026-02-11 11:00:00,02/11/2026,12:00,15373.89,11792.75,9653.96,12269.87,49090.46
2026-02-11 12:00:00,02/11/2026,13:00,15132.69,12045.56,9546.15,12304.98,49029.38
2026-02-11 13:00:00,02/11/2026,14:00,15029.26,12252.96,9415.19,12528.54,49225.95
2026-02-11 14:00:00,02/11/2026,15:00,14945.16,12645.74,9445.84,12784.1,49820.84
2026-02-11 15:00:00,02/11/2026,16:00,15034.11,13006.23,9455.22,12929.81,50425.37
2026-02-11 16:00:00,02/11/2026,17:00,15245.32,13435.31,9587.97,12957.35,51225.95
2026-02-11 17:00:00,02/11/2026,18:00,15545.13,13545.77,9719.97,12818.06,51628.93
2026-02-11 18:00:00,02/11/2026,19:00,16208.35,13584.18,9742.95,12733.61,52269.09
2026-02-11 19:00:00,02/11/2026,20:00,16371.88,13552.85,9778.42,12610.6,52313.75
2026-02-11 20:00:00,02/11/2026,21:00,16221.27,13104.62,9899.04,12337.46,51562.39
2026-02-11 21:00:00,02/11/2026,22:00,15745.87,12683.63,9781.22,12054.22,50264.94
2026-02-11 22:00:00,02/11/2026,23:00,14896.98,11949.73,9671.98,11500.86,48019.54
2026-02-11 23:00:00,02/11/2026,24:00,14062.37,11189.21,9527.7,10933.01,45712.29
